experiment_id,method,source_dataset,target_dataset,source_domain,target_domain,label_space,canonical_labels,model_architecture,evaluation_metrics,random_seed,source_split_version,target_split_version,split_version,preprocessing_version,input_length,split,label,threshold,accuracy,auroc,auprc,f1_score,prec,rec,sensitivity,spec,aprec,br_score,tn,fp,fn,tp,support
source_only_cross_domain,source_only,CHAPMAN,CODE15,chapman_ningbo_china,code15_brazil,canonical_six_label,AF|RBBB|LBBB|1dAVB|SB|ST,resnet1d,macro_accuracy|macro_auroc|macro_auprc|macro_f1_score|macro_prec|macro_rec|macro_sensitivity|macro_spec|macro_aprec|macro_br_score|score_macro_auroc|score_micro_auroc|score_macro_auprc|score_micro_auprc,42,record_level_random_no_patient_id_seed42,patient_level_random_seed42,source:record_level_random_no_patient_id_seed42|target:patient_level_random_seed42,shared_alignment_v1,5000,target_test,AF,0.25117406249046326,0.8271874097603235,0.7388195301997517,0.28431870233167755,0.10189840174082689,0.05670146137787056,0.5022189349112426,0.5022189349112426,0.8336573010543676,0.04077772862470525,0.14310169524640357,56612,11296,673,679,1352
source_only_cross_domain,source_only,CHAPMAN,CODE15,chapman_ningbo_china,code15_brazil,canonical_six_label,AF|RBBB|LBBB|1dAVB|SB|ST,resnet1d,macro_accuracy|macro_auroc|macro_auprc|macro_f1_score|macro_prec|macro_rec|macro_sensitivity|macro_spec|macro_aprec|macro_br_score|score_macro_auroc|score_micro_auroc|score_macro_auprc|score_micro_auprc,42,record_level_random_no_patient_id_seed42,patient_level_random_seed42,source:record_level_random_no_patient_id_seed42|target:patient_level_random_seed42,shared_alignment_v1,5000,target_test,RBBB,0.07278383523225784,0.7871787467513717,0.7585434399028977,0.44281963112019124,0.17293233082706766,0.09721170830179157,0.7822335025380711,0.7822335025380711,0.7873235250408679,0.07144296085782567,0.14577386961737474,52979,14311,429,1541,1970
source_only_cross_domain,source_only,CHAPMAN,CODE15,chapman_ningbo_china,code15_brazil,canonical_six_label,AF|RBBB|LBBB|1dAVB|SB|ST,resnet1d,macro_accuracy|macro_auroc|macro_auprc|macro_f1_score|macro_prec|macro_rec|macro_sensitivity|macro_spec|macro_aprec|macro_br_score|score_macro_auroc|score_micro_auroc|score_macro_auprc|score_micro_auprc,42,record_level_random_no_patient_id_seed42,patient_level_random_seed42,source:record_level_random_no_patient_id_seed42|target:patient_level_random_seed42,shared_alignment_v1,5000,target_test,LBBB,0.43071097135543823,0.9233756858215421,0.7051531194259033,0.1803451439205808,0.11031014249790447,0.0686991021089998,0.27976190476190477,0.27976190476190477,0.9344926855061395,0.05216953690809924,0.0715517125567647,63624,4460,847,329,1176
source_only_cross_domain,source_only,CHAPMAN,CODE15,chapman_ningbo_china,code15_brazil,canonical_six_label,AF|RBBB|LBBB|1dAVB|SB|ST,resnet1d,macro_accuracy|macro_auroc|macro_auprc|macro_f1_score|macro_prec|macro_rec|macro_sensitivity|macro_spec|macro_aprec|macro_br_score|score_macro_auroc|score_micro_auroc|score_macro_auprc|score_micro_auprc,42,record_level_random_no_patient_id_seed42,patient_level_random_seed42,source:record_level_random_no_patient_id_seed42|target:patient_level_random_seed42,shared_alignment_v1,5000,target_test,1dAVB,0.073942169547081,0.8475887958417557,0.6648539924003745,0.29198013804345957,0.09900990099009901,0.05469634100339495,0.5215827338129496,0.5215827338129496,0.8529083758877737,0.0337132806262021,0.0938158083760118,58124,10024,532,580,1112
source_only_cross_domain,source_only,CHAPMAN,CODE15,chapman_ningbo_china,code15_brazil,canonical_six_label,AF|RBBB|LBBB|1dAVB|SB|ST,resnet1d,macro_accuracy|macro_auroc|macro_auprc|macro_f1_score|macro_prec|macro_rec|macro_sensitivity|macro_spec|macro_aprec|macro_br_score|score_macro_auroc|score_micro_auroc|score_macro_auprc|score_micro_auprc,42,record_level_random_no_patient_id_seed42,patient_level_random_seed42,source:record_level_random_no_patient_id_seed42|target:patient_level_random_seed42,shared_alignment_v1,5000,target_test,SB,0.6711756587028503,0.6381028010395611,0.6847249453158344,0.3255484311282755,0.051466414380321665,0.026850937808489635,0.6181818181818182,0.6181818181818182,0.6384242957746479,0.10996397075860564,0.3440024353164711,43515,24645,420,680,1100
source_only_cross_domain,source_only,CHAPMAN,CODE15,chapman_ningbo_china,code15_brazil,canonical_six_label,AF|RBBB|LBBB|1dAVB|SB|ST,resnet1d,macro_accuracy|macro_auroc|macro_auprc|macro_f1_score|macro_prec|macro_rec|macro_sensitivity|macro_spec|macro_aprec|macro_br_score|score_macro_auroc|score_micro_auroc|score_macro_auprc|score_micro_auprc,42,record_level_random_no_patient_id_seed42,patient_level_random_seed42,source:record_level_random_no_patient_id_seed42|target:patient_level_random_seed42,shared_alignment_v1,5000,target_test,ST,0.0787477195262909,0.8253970545769564,0.7047402302243212,0.10916126726787552,0.04198684940188544,0.023824507776678952,0.17666666666666667,0.17666666666666667,0.8397579693034238,0.034123956456274654,0.1221599749489306,56902,10858,1235,265,1500
source_only_cross_domain,source_only,CHAPMAN,CPSC,chapman_ningbo_china,cpsc_china,canonical_six_label,AF|RBBB|LBBB|1dAVB|SB|ST,resnet1d,macro_accuracy|macro_auroc|macro_auprc|macro_f1_score|macro_prec|macro_rec|macro_sensitivity|macro_spec|macro_aprec|macro_br_score|score_macro_auroc|score_micro_auroc|score_macro_auprc|score_micro_auprc,42,record_level_random_no_patient_id_seed42,record_level_random_no_patient_id_seed42,source:record_level_random_no_patient_id_seed42|target:record_level_random_no_patient_id_seed42,shared_alignment_v1,5000,target_test,AF,0.25117406249046326,0.9661181026137464,0.9647753578218426,0.8858615679519437,0.8776223776223776,0.8745644599303136,0.8807017543859649,0.8807017543859649,0.9797866367209432,0.9061928098479102,0.030192643473847387,1745,36,34,251,285
source_only_cross_domain,source_only,CHAPMAN,CPSC,chapman_ningbo_china,cpsc_china,canonical_six_label,AF|RBBB|LBBB|1dAVB|SB|ST,resnet1d,macro_accuracy|macro_auroc|macro_auprc|macro_f1_score|macro_prec|macro_rec|macro_sensitivity|macro_spec|macro_aprec|macro_br_score|score_macro_auroc|score_micro_auroc|score_macro_auprc|score_micro_auprc,42,record_level_random_no_patient_id_seed42,record_level_random_no_patient_id_seed42,source:record_level_random_no_patient_id_seed42|target:record_level_random_no_patient_id_seed42,shared_alignment_v1,5000,target_test,RBBB,0.07278383523225784,0.9244917715392061,0.9469969463195113,0.8033268267394559,0.782122905027933,0.8,0.7650273224043715,0.7650273224043715,0.9588235294117647,0.8078054726113121,0.069898390032038,1630,70,86,280,366
source_only_cross_domain,source_only,CHAPMAN,CPSC,chapman_ningbo_china,cpsc_china,canonical_six_label,AF|RBBB|LBBB|1dAVB|SB|ST,resnet1d,macro_accuracy|macro_auroc|macro_auprc|macro_f1_score|macro_prec|macro_rec|macro_sensitivity|macro_spec|macro_aprec|macro_br_score|score_macro_auroc|score_micro_auroc|score_macro_auprc|score_micro_auprc,42,record_level_random_no_patient_id_seed42,record_level_random_no_patient_id_seed42,source:record_level_random_no_patient_id_seed42|target:record_level_random_no_patient_id_seed42,shared_alignment_v1,5000,target_test,LBBB,0.43071097135543823,0.9859632139399807,0.9363758213124128,0.7187368719063362,0.712871287128713,0.75,0.6792452830188679,0.6792452830188679,0.9940387481371088,0.7117480996844164,0.012074382298055391,2001,12,17,36,53
source_only_cross_domain,source_only,CHAPMAN,CPSC,chapman_ningbo_china,cpsc_china,canonical_six_label,AF|RBBB|LBBB|1dAVB|SB|ST,resnet1d,macro_accuracy|macro_auroc|macro_auprc|macro_f1_score|macro_prec|macro_rec|macro_sensitivity|macro_spec|macro_aprec|macro_br_score|score_macro_auroc|score_micro_auroc|score_macro_auprc|score_micro_auprc,42,record_level_random_no_patient_id_seed42,record_level_random_no_patient_id_seed42,source:record_level_random_no_patient_id_seed42|target:record_level_random_no_patient_id_seed42,shared_alignment_v1,5000,target_test,1dAVB,0.073942169547081,0.9157792836398838,0.9272400099280218,0.6409732477084175,0.6009174311926606,0.4924812030075188,0.7705882352941177,0.7705882352941177,0.9287974683544303,0.6029517672969583,0.04667596082662136,1761,135,39,131,170
source_only_cross_domain,source_only,CHAPMAN,CPSC,chapman_ningbo_china,cpsc_china,canonical_six_label,AF|RBBB|LBBB|1dAVB|SB|ST,resnet1d,macro_accuracy|macro_auroc|macro_auprc|macro_f1_score|macro_prec|macro_rec|macro_sensitivity|macro_spec|macro_aprec|macro_br_score|score_macro_auroc|score_micro_auroc|score_macro_auprc|score_micro_auprc,42,record_level_random_no_patient_id_seed42,record_level_random_no_patient_id_seed42,source:record_level_random_no_patient_id_seed42|target:record_level_random_no_patient_id_seed42,shared_alignment_v1,5000,target_test,SB,0.6711756587028503,0.8320425943852856,,,,0.0,,,0.8320425943852856,,0.7533315861098853,1719,347,0,0,0
source_only_cross_domain,source_only,CHAPMAN,CPSC,chapman_ningbo_china,cpsc_china,canonical_six_label,AF|RBBB|LBBB|1dAVB|SB|ST,resnet1d,macro_accuracy|macro_auroc|macro_auprc|macro_f1_score|macro_prec|macro_rec|macro_sensitivity|macro_spec|macro_aprec|macro_br_score|score_macro_auroc|score_micro_auroc|score_macro_auprc|score_micro_auprc,42,record_level_random_no_patient_id_seed42,record_level_random_no_patient_id_seed42,source:record_level_random_no_patient_id_seed42|target:record_level_random_no_patient_id_seed42,shared_alignment_v1,5000,target_test,ST,0.0787477195262909,0.856727976766699,,,,0.0,,,0.856727976766699,,0.8885713641542144,1770,296,0,0,0
source_only_cross_domain,source_only,CHAPMAN,PTBXL,chapman_ningbo_china,ptbxl_germany,canonical_six_label,AF|RBBB|LBBB|1dAVB|SB|ST,resnet1d,macro_accuracy|macro_auroc|macro_auprc|macro_f1_score|macro_prec|macro_rec|macro_sensitivity|macro_spec|macro_aprec|macro_br_score|score_macro_auroc|score_micro_auroc|score_macro_auprc|score_micro_auprc,42,record_level_random_no_patient_id_seed42,official_strat_fold,source:record_level_random_no_patient_id_seed42|target:official_strat_fold,shared_alignment_v1,5000,target_test,AF,0.25117406249046326,0.9658780709736123,0.9523974893244842,0.7527212118235521,0.7404844290657441,0.781021897810219,0.7039473684210527,0.7039473684210527,0.9853372434017595,0.8069399695451538,0.02510793706156384,2016,30,45,107,152
source_only_cross_domain,source_only,CHAPMAN,PTBXL,chapman_ningbo_china,ptbxl_germany,canonical_six_label,AF|RBBB|LBBB|1dAVB|SB|ST,resnet1d,macro_accuracy|macro_auroc|macro_auprc|macro_f1_score|macro_prec|macro_rec|macro_sensitivity|macro_spec|macro_aprec|macro_br_score|score_macro_auroc|score_micro_auroc|score_macro_auprc|score_micro_auprc,42,record_level_random_no_patient_id_seed42,official_strat_fold,source:record_level_random_no_patient_id_seed42|target:official_strat_fold,shared_alignment_v1,5000,target_test,RBBB,0.07278383523225784,0.9604185623293904,0.9337497628308509,0.7294416085445868,0.6968641114982579,0.8264462809917356,0.6024096385542169,0.6024096385542169,0.9896653543307087,0.7604280953380076,0.03784970430309968,2011,21,66,100,166
source_only_cross_domain,source_only,CHAPMAN,PTBXL,chapman_ningbo_china,ptbxl_germany,canonical_six_label,AF|RBBB|LBBB|1dAVB|SB|ST,resnet1d,macro_accuracy|macro_auroc|macro_auprc|macro_f1_score|macro_prec|macro_rec|macro_sensitivity|macro_spec|macro_aprec|macro_br_score|score_macro_auroc|score_micro_auroc|score_macro_auprc|score_micro_auprc,42,record_level_random_no_patient_id_seed42,official_strat_fold,source:record_level_random_no_patient_id_seed42|target:official_strat_fold,shared_alignment_v1,5000,target_test,LBBB,0.43071097135543823,0.986351228389445,0.9858946478192581,0.7517904840177286,0.7457627118644068,0.7857142857142857,0.7096774193548387,0.7096774193548387,0.9943820224719101,0.8298970393357173,0.009999422056864294,2124,12,18,44,62
source_only_cross_domain,source_only,CHAPMAN,PTBXL,chapman_ningbo_china,ptbxl_germany,canonical_six_label,AF|RBBB|LBBB|1dAVB|SB|ST,resnet1d,macro_accuracy|macro_auroc|macro_auprc|macro_f1_score|macro_prec|macro_rec|macro_sensitivity|macro_spec|macro_aprec|macro_br_score|score_macro_auroc|score_micro_auroc|score_macro_auprc|score_micro_auprc,42,record_level_random_no_patient_id_seed42,official_strat_fold,source:record_level_random_no_patient_id_seed42|target:official_strat_fold,shared_alignment_v1,5000,target_test,1dAVB,0.073942169547081,0.9121929026387625,0.9150602445624578,0.4979526341803701,0.37540453074433655,0.25217391304347825,0.7341772151898734,0.7341772151898734,0.9188296366210477,0.3879551240852291,0.030333504517123328,1947,172,21,58,79
source_only_cross_domain,source_only,CHAPMAN,PTBXL,chapman_ningbo_china,ptbxl_germany,canonical_six_label,AF|RBBB|LBBB|1dAVB|SB|ST,resnet1d,macro_accuracy|macro_auroc|macro_auprc|macro_f1_score|macro_prec|macro_rec|macro_sensitivity|macro_spec|macro_aprec|macro_br_score|score_macro_auroc|score_micro_auroc|score_macro_auprc|score_micro_auprc,42,record_level_random_no_patient_id_seed42,official_strat_fold,source:record_level_random_no_patient_id_seed42|target:official_strat_fold,shared_alignment_v1,5000,target_test,SB,0.6711756587028503,0.7743403093721565,0.9397185449859419,0.5405853547371384,0.19999999999999998,0.11151079136690648,0.96875,0.96875,0.7685098406747891,0.32870285293288654,0.21593889799489474,1640,494,2,62,64
source_only_cross_domain,source_only,CHAPMAN,PTBXL,chapman_ningbo_china,ptbxl_germany,canonical_six_label,AF|RBBB|LBBB|1dAVB|SB|ST,resnet1d,macro_accuracy|macro_auroc|macro_auprc|macro_f1_score|macro_prec|macro_rec|macro_sensitivity|macro_spec|macro_aprec|macro_br_score|score_macro_auroc|score_micro_auroc|score_macro_auprc|score_micro_auprc,42,record_level_random_no_patient_id_seed42,official_strat_fold,source:record_level_random_no_patient_id_seed42|target:official_strat_fold,shared_alignment_v1,5000,target_test,ST,0.0787477195262909,0.9535941765241128,0.973938401954908,0.6670487850333846,0.5887096774193549,0.4397590361445783,0.8902439024390244,0.8902439024390244,0.9560491493383743,0.672876810271019,0.020202335299099875,2023,93,9,73,82
source_only_cross_domain,source_only,CHAPMAN,SPH,chapman_ningbo_china,sph_china,canonical_six_label,AF|RBBB|LBBB|1dAVB|SB|ST,resnet1d,macro_accuracy|macro_auroc|macro_auprc|macro_f1_score|macro_prec|macro_rec|macro_sensitivity|macro_spec|macro_aprec|macro_br_score|score_macro_auroc|score_micro_auroc|score_macro_auprc|score_micro_auprc,42,record_level_random_no_patient_id_seed42,patient_level_random_seed42,source:record_level_random_no_patient_id_seed42|target:patient_level_random_seed42,shared_alignment_v1,5000,target_test,AF,0.25117406249046326,0.9924212980956082,0.9964086542034557,0.8685545442274967,0.8650519031141869,0.8223684210526315,0.9124087591240876,0.9124087591240876,0.9946097025354362,0.899413231413223,0.0048945346908067814,4982,27,12,125,137
source_only_cross_domain,source_only,CHAPMAN,SPH,chapman_ningbo_china,sph_china,canonical_six_label,AF|RBBB|LBBB|1dAVB|SB|ST,resnet1d,macro_accuracy|macro_auroc|macro_auprc|macro_f1_score|macro_prec|macro_rec|macro_sensitivity|macro_spec|macro_aprec|macro_br_score|score_macro_auroc|score_micro_auroc|score_macro_auprc|score_micro_auprc,42,record_level_random_no_patient_id_seed42,patient_level_random_seed42,source:record_level_random_no_patient_id_seed42|target:patient_level_random_seed42,shared_alignment_v1,5000,target_test,RBBB,0.07278383523225784,0.9865915273999223,0.9861194261513558,0.8142982548473464,0.7889908256880733,0.671875,0.9555555555555556,0.9555555555555556,0.9874276591498703,0.9457313497100961,0.004310827635305297,4948,63,6,129,135
source_only_cross_domain,source_only,CHAPMAN,SPH,chapman_ningbo_china,sph_china,canonical_six_label,AF|RBBB|LBBB|1dAVB|SB|ST,resnet1d,macro_accuracy|macro_auroc|macro_auprc|macro_f1_score|macro_prec|macro_rec|macro_sensitivity|macro_spec|macro_aprec|macro_br_score|score_macro_auroc|score_micro_auroc|score_macro_auprc|score_micro_auprc,42,record_level_random_no_patient_id_seed42,patient_level_random_seed42,source:record_level_random_no_patient_id_seed42|target:patient_level_random_seed42,shared_alignment_v1,5000,target_test,LBBB,0.43071097135543823,0.9994170229304314,0.9789138457171245,0.9321096703529661,0.9268292682926829,1.0,0.8636363636363636,0.8636363636363636,1.0,0.9072041960316476,0.0006357436963194673,5124,0,3,19,22
source_only_cross_domain,source_only,CHAPMAN,SPH,chapman_ningbo_china,sph_china,canonical_six_label,AF|RBBB|LBBB|1dAVB|SB|ST,resnet1d,macro_accuracy|macro_auroc|macro_auprc|macro_f1_score|macro_prec|macro_rec|macro_sensitivity|macro_spec|macro_aprec|macro_br_score|score_macro_auroc|score_micro_auroc|score_macro_auprc|score_micro_auprc,42,record_level_random_no_patient_id_seed42,patient_level_random_seed42,source:record_level_random_no_patient_id_seed42|target:patient_level_random_seed42,shared_alignment_v1,5000,target_test,1dAVB,0.073942169547081,0.960940536338904,0.9894819466248037,0.5550388571410293,0.3139931740614335,0.18930041152263374,0.92,0.92,0.9613422291993721,0.52894315102993,0.008040999015834244,4899,197,4,46,50
source_only_cross_domain,source_only,CHAPMAN,SPH,chapman_ningbo_china,sph_china,canonical_six_label,AF|RBBB|LBBB|1dAVB|SB|ST,resnet1d,macro_accuracy|macro_auroc|macro_auprc|macro_f1_score|macro_prec|macro_rec|macro_sensitivity|macro_spec|macro_aprec|macro_br_score|score_macro_auroc|score_micro_auroc|score_macro_auprc|score_micro_auprc,42,record_level_random_no_patient_id_seed42,patient_level_random_seed42,source:record_level_random_no_patient_id_seed42|target:patient_level_random_seed42,shared_alignment_v1,5000,target_test,SB,0.6711756587028503,0.9214924212980956,0.9692900465270855,0.7343515925550456,0.7002967359050445,0.5870646766169154,0.8676470588235294,0.8676470588235294,0.9278574532811821,0.7975268036647273,0.07400734082109584,4270,332,72,472,544
source_only_cross_domain,source_only,CHAPMAN,SPH,chapman_ningbo_china,sph_china,canonical_six_label,AF|RBBB|LBBB|1dAVB|SB|ST,resnet1d,macro_accuracy|macro_auroc|macro_auprc|macro_f1_score|macro_prec|macro_rec|macro_sensitivity|macro_spec|macro_aprec|macro_br_score|score_macro_auroc|score_micro_auroc|score_macro_auprc|score_micro_auprc,42,record_level_random_no_patient_id_seed42,patient_level_random_seed42,source:record_level_random_no_patient_id_seed42|target:patient_level_random_seed42,shared_alignment_v1,5000,target_test,ST,0.0787477195262909,0.9525845316750875,0.977239093571759,0.6678446104517326,0.548148148148148,0.3854166666666667,0.9487179487179487,0.9487179487179487,0.9527054108216433,0.806615206837419,0.013598364408658508,4754,236,8,148,156
source_only_cross_domain,source_only,CODE15,CHAPMAN,code15_brazil,chapman_ningbo_china,canonical_six_label,AF|RBBB|LBBB|1dAVB|SB|ST,resnet1d,macro_accuracy|macro_auroc|macro_auprc|macro_f1_score|macro_prec|macro_rec|macro_sensitivity|macro_spec|macro_aprec|macro_br_score|score_macro_auroc|score_micro_auroc|score_macro_auprc|score_micro_auprc,42,patient_level_random_seed42,record_level_random_no_patient_id_seed42,source:patient_level_random_seed42|target:record_level_random_no_patient_id_seed42,shared_alignment_v1,5000,target_test,AF,0.028935685753822327,0.864725223109441,0.9706020006262256,0.7703349282296651,0.7018633540372671,0.5406698564593302,1.0,1.0,0.8391061452513966,0.7831694467165343,0.06073692503268745,1502,288,0,339,339
source_only_cross_domain,source_only,CODE15,CHAPMAN,code15_brazil,chapman_ningbo_china,canonical_six_label,AF|RBBB|LBBB|1dAVB|SB|ST,resnet1d,macro_accuracy|macro_auroc|macro_auprc|macro_f1_score|macro_prec|macro_rec|macro_sensitivity|macro_spec|macro_aprec|macro_br_score|score_macro_auroc|score_micro_auroc|score_macro_auprc|score_micro_auprc,42,patient_level_random_seed42,record_level_random_no_patient_id_seed42,source:patient_level_random_seed42|target:record_level_random_no_patient_id_seed42,shared_alignment_v1,5000,target_test,RBBB,0.031584735959768295,0.9812118365429779,0.9527011293514961,0.794950319254052,0.7849462365591398,0.7156862745098039,0.8690476190476191,0.8690476190476191,0.9858190709046455,0.892273881927777,0.00934067655513384,2016,29,11,73,84
source_only_cross_domain,source_only,CODE15,CHAPMAN,code15_brazil,chapman_ningbo_china,canonical_six_label,AF|RBBB|LBBB|1dAVB|SB|ST,resnet1d,macro_accuracy|macro_auroc|macro_auprc|macro_f1_score|macro_prec|macro_rec|macro_sensitivity|macro_spec|macro_aprec|macro_br_score|score_macro_auroc|score_micro_auroc|score_macro_auprc|score_micro_auprc,42,patient_level_random_seed42,record_level_random_no_patient_id_seed42,source:patient_level_random_seed42|target:record_level_random_no_patient_id_seed42,shared_alignment_v1,5000,target_test,LBBB,0.022334815934300423,0.9910756223579145,0.9979061127997298,0.6359376843819919,0.5581395348837208,0.41379310344827586,0.8571428571428571,0.8571428571428571,0.9919621749408983,0.8710618746333032,0.0017249194995904368,2098,17,2,12,14
source_only_cross_domain,source_only,CODE15,CHAPMAN,code15_brazil,chapman_ningbo_china,canonical_six_label,AF|RBBB|LBBB|1dAVB|SB|ST,resnet1d,macro_accuracy|macro_auroc|macro_auprc|macro_f1_score|macro_prec|macro_rec|macro_sensitivity|macro_spec|macro_aprec|macro_br_score|score_macro_auroc|score_micro_auroc|score_macro_auprc|score_micro_auprc,42,patient_level_random_seed42,record_level_random_no_patient_id_seed42,source:patient_level_random_seed42|target:record_level_random_no_patient_id_seed42,shared_alignment_v1,5000,target_test,1dAVB,0.031211331486701965,0.8821042743071865,0.9450829417426257,0.5094054022109862,0.2595870206489676,0.1527777777777778,0.8627450980392157,0.8627450980392157,0.8825794032723773,0.4670730861714396,0.017324158972391885,1834,244,7,44,51
source_only_cross_domain,source_only,CODE15,CHAPMAN,code15_brazil,chapman_ningbo_china,canonical_six_label,AF|RBBB|LBBB|1dAVB|SB|ST,resnet1d,macro_accuracy|macro_auroc|macro_auprc|macro_f1_score|macro_prec|macro_rec|macro_sensitivity|macro_spec|macro_aprec|macro_br_score|score_macro_auroc|score_micro_auroc|score_macro_auprc|score_micro_auprc,42,patient_level_random_seed42,record_level_random_no_patient_id_seed42,source:patient_level_random_seed42|target:record_level_random_no_patient_id_seed42,shared_alignment_v1,5000,target_test,SB,0.02426695078611374,0.7581023954908408,0.9652728595036287,0.7667003033750506,0.5209302325581395,0.9395973154362416,0.36036036036036034,0.36036036036036034,0.9866863905325444,0.9104870325794853,0.32614618699109094,1334,18,497,280,777
source_only_cross_domain,source_only,CODE15,CHAPMAN,code15_brazil,chapman_ningbo_china,canonical_six_label,AF|RBBB|LBBB|1dAVB|SB|ST,resnet1d,macro_accuracy|macro_auroc|macro_auprc|macro_f1_score|macro_prec|macro_rec|macro_sensitivity|macro_spec|macro_aprec|macro_br_score|score_macro_auroc|score_micro_auroc|score_macro_auprc|score_micro_auprc,42,patient_level_random_seed42,record_level_random_no_patient_id_seed42,source:patient_level_random_seed42|target:record_level_random_no_patient_id_seed42,shared_alignment_v1,5000,target_test,ST,0.021722564473748207,0.8957256928135274,0.9444184394337769,0.7665698038371714,0.7318840579710145,0.6158536585365854,0.9017857142857143,0.9017857142857143,0.894590072504183,0.6650036653431344,0.08980199907918686,1604,189,33,303,336
source_only_cross_domain,source_only,CODE15,CPSC,code15_brazil,cpsc_china,canonical_six_label,AF|RBBB|LBBB|1dAVB|SB|ST,resnet1d,macro_accuracy|macro_auroc|macro_auprc|macro_f1_score|macro_prec|macro_rec|macro_sensitivity|macro_spec|macro_aprec|macro_br_score|score_macro_auroc|score_micro_auroc|score_macro_auprc|score_micro_auprc,42,patient_level_random_seed42,record_level_random_no_patient_id_seed42,source:patient_level_random_seed42|target:record_level_random_no_patient_id_seed42,shared_alignment_v1,5000,target_test,AF,0.028935685753822327,0.8949661181026137,0.9672833121546145,0.764691765132807,0.7140974967061923,0.5717299578059072,0.9508771929824561,0.9508771929824561,0.8860190903986525,0.8834056447519256,0.0319710485207407,1578,203,14,271,285
source_only_cross_domain,source_only,CODE15,CPSC,code15_brazil,cpsc_china,canonical_six_label,AF|RBBB|LBBB|1dAVB|SB|ST,resnet1d,macro_accuracy|macro_auroc|macro_auprc|macro_f1_score|macro_prec|macro_rec|macro_sensitivity|macro_spec|macro_aprec|macro_br_score|score_macro_auroc|score_micro_auroc|score_macro_auprc|score_micro_auprc,42,patient_level_random_seed42,record_level_random_no_patient_id_seed42,source:patient_level_random_seed42|target:record_level_random_no_patient_id_seed42,shared_alignment_v1,5000,target_test,RBBB,0.031584735959768295,0.909486931268151,0.8892888138862102,0.759826099667507,0.7301587301587302,0.7737003058103975,0.6912568306010929,0.6912568306010929,0.9564705882352941,0.7366237092499922,0.07953017510546537,1626,74,113,253,366
source_only_cross_domain,source_only,CODE15,CPSC,code15_brazil,cpsc_china,canonical_six_label,AF|RBBB|LBBB|1dAVB|SB|ST,resnet1d,macro_accuracy|macro_auroc|macro_auprc|macro_f1_score|macro_prec|macro_rec|macro_sensitivity|macro_spec|macro_aprec|macro_br_score|score_macro_auroc|score_micro_auroc|score_macro_auprc|score_micro_auprc,42,patient_level_random_seed42,record_level_random_no_patient_id_seed42,source:patient_level_random_seed42|target:record_level_random_no_patient_id_seed42,shared_alignment_v1,5000,target_test,LBBB,0.022334815934300423,0.9816069699903195,0.9600427410510924,0.6956667647170276,0.6833333333333333,0.6119402985074627,0.7735849056603774,0.7735849056603774,0.9870839542970691,0.6811164968490988,0.011967896676296122,1987,26,12,41,53
source_only_cross_domain,source_only,CODE15,CPSC,code15_brazil,cpsc_china,canonical_six_label,AF|RBBB|LBBB|1dAVB|SB|ST,resnet1d,macro_accuracy|macro_auroc|macro_auprc|macro_f1_score|macro_prec|macro_rec|macro_sensitivity|macro_spec|macro_aprec|macro_br_score|score_macro_auroc|score_micro_auroc|score_macro_auprc|score_micro_auprc,42,patient_level_random_seed42,record_level_random_no_patient_id_seed42,source:patient_level_random_seed42|target:record_level_random_no_patient_id_seed42,shared_alignment_v1,5000,target_test,1dAVB,0.031211331486701965,0.9104549854791868,0.943053487217672,0.6730051062587421,0.6121593291404612,0.4755700325732899,0.8588235294117647,0.8588235294117647,0.915084388185654,0.7493147821098338,0.03885543289515172,1735,161,24,146,170
source_only_cross_domain,source_only,CODE15,CPSC,code15_brazil,cpsc_china,canonical_six_label,AF|RBBB|LBBB|1dAVB|SB|ST,resnet1d,macro_accuracy|macro_auroc|macro_auprc|macro_f1_score|macro_prec|macro_rec|macro_sensitivity|macro_spec|macro_aprec|macro_br_score|score_macro_auroc|score_micro_auroc|score_macro_auprc|score_micro_auprc,42,patient_level_random_seed42,record_level_random_no_patient_id_seed42,source:patient_level_random_seed42|target:record_level_random_no_patient_id_seed42,shared_alignment_v1,5000,target_test,SB,0.02426695078611374,0.9491771539206195,,,,0.0,,,0.9491771539206195,,0.9835486475593664,1961,105,0,0,0
source_only_cross_domain,source_only,CODE15,CPSC,code15_brazil,cpsc_china,canonical_six_label,AF|RBBB|LBBB|1dAVB|SB|ST,resnet1d,macro_accuracy|macro_auroc|macro_auprc|macro_f1_score|macro_prec|macro_rec|macro_sensitivity|macro_spec|macro_aprec|macro_br_score|score_macro_auroc|score_micro_auroc|score_macro_auprc|score_micro_auprc,42,patient_level_random_seed42,record_level_random_no_patient_id_seed42,source:patient_level_random_seed42|target:record_level_random_no_patient_id_seed42,shared_alignment_v1,5000,target_test,ST,0.021722564473748207,0.8852855759922555,,,,0.0,,,0.8852855759922555,,0.9513660160280114,1829,237,0,0,0
source_only_cross_domain,source_only,CODE15,PTBXL,code15_brazil,ptbxl_germany,canonical_six_label,AF|RBBB|LBBB|1dAVB|SB|ST,resnet1d,macro_accuracy|macro_auroc|macro_auprc|macro_f1_score|macro_prec|macro_rec|macro_sensitivity|macro_spec|macro_aprec|macro_br_score|score_macro_auroc|score_micro_auroc|score_macro_auprc|score_micro_auprc,42,patient_level_random_seed42,official_strat_fold,source:patient_level_random_seed42|target:official_strat_fold,shared_alignment_v1,5000,target_test,AF,0.028935685753822327,0.9276615104640582,0.9763080722333694,0.7288760757247882,0.6490066225165563,0.4883720930232558,0.9671052631578947,0.9671052631578947,0.9247311827956989,0.8153125630585575,0.022237620402305546,1892,154,5,147,152
source_only_cross_domain,source_only,CODE15,PTBXL,code15_brazil,ptbxl_germany,canonical_six_label,AF|RBBB|LBBB|1dAVB|SB|ST,resnet1d,macro_accuracy|macro_auroc|macro_auprc|macro_f1_score|macro_prec|macro_rec|macro_sensitivity|macro_spec|macro_aprec|macro_br_score|score_macro_auroc|score_micro_auroc|score_macro_auprc|score_micro_auprc,42,patient_level_random_seed42,official_strat_fold,source:patient_level_random_seed42|target:official_strat_fold,shared_alignment_v1,5000,target_test,RBBB,0.031584735959768295,0.9526842584167425,0.7967994023337444,0.6698515744195686,0.6,0.8297872340425532,0.46987951807228917,0.46987951807228917,0.9921259842519685,0.5845265634756727,0.044428131776940424,2016,16,88,78,166
source_only_cross_domain,source_only,CODE15,PTBXL,code15_brazil,ptbxl_germany,canonical_six_label,AF|RBBB|LBBB|1dAVB|SB|ST,resnet1d,macro_accuracy|macro_auroc|macro_auprc|macro_f1_score|macro_prec|macro_rec|macro_sensitivity|macro_spec|macro_aprec|macro_br_score|score_macro_auroc|score_micro_auroc|score_macro_auprc|score_micro_auprc,42,patient_level_random_seed42,official_strat_fold,source:patient_level_random_seed42|target:official_strat_fold,shared_alignment_v1,5000,target_test,LBBB,0.022334815934300423,0.9772520473157416,0.9792723812975714,0.7402265816949339,0.6951219512195123,0.5588235294117647,0.9193548387096774,0.9193548387096774,0.9789325842696629,0.8513383988982437,0.007270388817690438,2091,45,5,57,62
source_only_cross_domain,source_only,CODE15,PTBXL,code15_brazil,ptbxl_germany,canonical_six_label,AF|RBBB|LBBB|1dAVB|SB|ST,resnet1d,macro_accuracy|macro_auroc|macro_auprc|macro_f1_score|macro_prec|macro_rec|macro_sensitivity|macro_spec|macro_aprec|macro_br_score|score_macro_auroc|score_micro_auroc|score_macro_auprc|score_micro_auprc,42,patient_level_random_seed42,official_strat_fold,source:patient_level_random_seed42|target:official_strat_fold,shared_alignment_v1,5000,target_test,1dAVB,0.031211331486701965,0.8789808917197452,0.9182382423044069,0.517100777745081,0.3282828282828283,0.20504731861198738,0.8227848101265823,0.8227848101265823,0.8810759792354884,0.4886809115532943,0.02697915827995612,1867,252,14,65,79
source_only_cross_domain,source_only,CODE15,PTBXL,code15_brazil,ptbxl_germany,canonical_six_label,AF|RBBB|LBBB|1dAVB|SB|ST,resnet1d,macro_accuracy|macro_auroc|macro_auprc|macro_f1_score|macro_prec|macro_rec|macro_sensitivity|macro_spec|macro_aprec|macro_br_score|score_macro_auroc|score_micro_auroc|score_macro_auprc|score_micro_auprc,42,patient_level_random_seed42,official_strat_fold,source:patient_level_random_seed42|target:official_strat_fold,shared_alignment_v1,5000,target_test,SB,0.02426695078611374,0.9285714285714286,0.952231724461106,0.549730603940997,0.40304182509505704,0.2663316582914573,0.828125,0.828125,0.9315838800374883,0.419053281214139,0.021815539259664528,1988,146,11,53,64
source_only_cross_domain,source_only,CODE15,PTBXL,code15_brazil,ptbxl_germany,canonical_six_label,AF|RBBB|LBBB|1dAVB|SB|ST,resnet1d,macro_accuracy|macro_auroc|macro_auprc|macro_f1_score|macro_prec|macro_rec|macro_sensitivity|macro_spec|macro_aprec|macro_br_score|score_macro_auroc|score_micro_auroc|score_macro_auprc|score_micro_auprc,42,patient_level_random_seed42,official_strat_fold,source:patient_level_random_seed42|target:official_strat_fold,shared_alignment_v1,5000,target_test,ST,0.021722564473748207,0.9613284804367607,0.9829406611646456,0.6743142673700387,0.6222222222222222,0.48951048951048953,0.8536585365853658,0.8536585365853658,0.9655009451795841,0.6910143256758035,0.020629755358144052,2043,73,12,70,82
source_only_cross_domain,source_only,CODE15,SPH,code15_brazil,sph_china,canonical_six_label,AF|RBBB|LBBB|1dAVB|SB|ST,resnet1d,macro_accuracy|macro_auroc|macro_auprc|macro_f1_score|macro_prec|macro_rec|macro_sensitivity|macro_spec|macro_aprec|macro_br_score|score_macro_auroc|score_micro_auroc|score_macro_auprc|score_micro_auprc,42,patient_level_random_seed42,patient_level_random_seed42,source:patient_level_random_seed42|target:patient_level_random_seed42,shared_alignment_v1,5000,target_test,AF,0.028935685753822327,0.9669646327244462,0.9973981140516414,0.7231270358306189,0.6171171171171171,0.44625407166123776,1.0,1.0,0.9660610900379317,0.8194151233349645,0.005871671462932965,4839,170,0,137,137
source_only_cross_domain,source_only,CODE15,SPH,code15_brazil,sph_china,canonical_six_label,AF|RBBB|LBBB|1dAVB|SB|ST,resnet1d,macro_accuracy|macro_auroc|macro_auprc|macro_f1_score|macro_prec|macro_rec|macro_sensitivity|macro_spec|macro_aprec|macro_br_score|score_macro_auroc|score_micro_auroc|score_macro_auprc|score_micro_auprc,42,patient_level_random_seed42,patient_level_random_seed42,source:patient_level_random_seed42|target:patient_level_random_seed42,shared_alignment_v1,5000,target_test,RBBB,0.031584735959768295,0.9931986008550331,0.988262858747792,0.885010624244981,0.8797250859106529,0.8205128205128205,0.9481481481481482,0.9481481481481482,0.9944122929554979,0.9594026551604695,0.003616195021617914,4983,28,7,128,135
source_only_cross_domain,source_only,CODE15,SPH,code15_brazil,sph_china,canonical_six_label,AF|RBBB|LBBB|1dAVB|SB|ST,resnet1d,macro_accuracy|macro_auroc|macro_auprc|macro_f1_score|macro_prec|macro_rec|macro_sensitivity|macro_spec|macro_aprec|macro_br_score|score_macro_auroc|score_micro_auroc|score_macro_auprc|score_micro_auprc,42,patient_level_random_seed42,patient_level_random_seed42,source:patient_level_random_seed42|target:patient_level_random_seed42,shared_alignment_v1,5000,target_test,LBBB,0.022334815934300423,0.999028371550719,0.9986782343339721,0.8973698901176553,0.8936170212765958,0.84,0.9545454545454546,0.9545454545454546,0.9992193598750976,0.9603934077618288,0.0006561408394575636,5120,4,1,21,22
source_only_cross_domain,source_only,CODE15,SPH,code15_brazil,sph_china,canonical_six_label,AF|RBBB|LBBB|1dAVB|SB|ST,resnet1d,macro_accuracy|macro_auroc|macro_auprc|macro_f1_score|macro_prec|macro_rec|macro_sensitivity|macro_spec|macro_aprec|macro_br_score|score_macro_auroc|score_micro_auroc|score_macro_auprc|score_micro_auprc,42,patient_level_random_seed42,patient_level_random_seed42,source:patient_level_random_seed42|target:patient_level_random_seed42,shared_alignment_v1,5000,target_test,1dAVB,0.031211331486701965,0.9630781189273222,0.9913540031397173,0.5707188389621346,0.33098591549295775,0.20085470085470086,0.94,0.94,0.9633045525902669,0.6279456894922132,0.005696011286255835,4909,187,3,47,50
source_only_cross_domain,source_only,CODE15,SPH,code15_brazil,sph_china,canonical_six_label,AF|RBBB|LBBB|1dAVB|SB|ST,resnet1d,macro_accuracy|macro_auroc|macro_auprc|macro_f1_score|macro_prec|macro_rec|macro_sensitivity|macro_spec|macro_aprec|macro_br_score|score_macro_auroc|score_micro_auroc|score_macro_auprc|score_micro_auprc,42,patient_level_random_seed42,patient_level_random_seed42,source:patient_level_random_seed42|target:patient_level_random_seed42,shared_alignment_v1,5000,target_test,SB,0.02426695078611374,0.915079673532841,0.9539498491704375,0.5735410536750685,0.3888111888111888,0.8128654970760234,0.2555147058823529,0.2555147058823529,0.9930465015210778,0.6969343199685342,0.09858443012199974,4570,32,405,139,544
source_only_cross_domain,source_only,CODE15,SPH,code15_brazil,sph_china,canonical_six_label,AF|RBBB|LBBB|1dAVB|SB|ST,resnet1d,macro_accuracy|macro_auroc|macro_auprc|macro_f1_score|macro_prec|macro_rec|macro_sensitivity|macro_spec|macro_aprec|macro_br_score|score_macro_auroc|score_micro_auroc|score_macro_auprc|score_micro_auprc,42,patient_level_random_seed42,patient_level_random_seed42,source:patient_level_random_seed42|target:patient_level_random_seed42,shared_alignment_v1,5000,target_test,ST,0.021722564473748207,0.9743490089389817,0.9817044345100457,0.7442505339804212,0.6901408450704225,0.5444444444444444,0.9423076923076923,0.9423076923076923,0.9753507014028057,0.8419479652708214,0.015752947340351323,4867,123,9,147,156
source_only_cross_domain,source_only,CPSC,CHAPMAN,cpsc_china,chapman_ningbo_china,canonical_six_label,AF|RBBB|LBBB|1dAVB|SB|ST,resnet1d,macro_accuracy|macro_auroc|macro_auprc|macro_f1_score|macro_prec|macro_rec|macro_sensitivity|macro_spec|macro_aprec|macro_br_score|score_macro_auroc|score_micro_auroc|score_macro_auprc|score_micro_auprc,42,record_level_random_no_patient_id_seed42,record_level_random_no_patient_id_seed42,source:record_level_random_no_patient_id_seed42|target:record_level_random_no_patient_id_seed42,shared_alignment_v1,5000,target_test,AF,0.2537878155708313,0.9065288868013152,0.9483924127815956,0.8051668254628223,0.7677946324387397,0.6351351351351351,0.9705014749262537,0.9705014749262537,0.894413407821229,0.6244213789355485,0.07192521019818995,1601,189,10,329,339
source_only_cross_domain,source_only,CPSC,CHAPMAN,cpsc_china,chapman_ningbo_china,canonical_six_label,AF|RBBB|LBBB|1dAVB|SB|ST,resnet1d,macro_accuracy|macro_auroc|macro_auprc|macro_f1_score|macro_prec|macro_rec|macro_sensitivity|macro_spec|macro_aprec|macro_br_score|score_macro_auroc|score_micro_auroc|score_macro_auprc|score_micro_auprc,42,record_level_random_no_patient_id_seed42,record_level_random_no_patient_id_seed42,source:record_level_random_no_patient_id_seed42|target:record_level_random_no_patient_id_seed42,shared_alignment_v1,5000,target_test,RBBB,0.14044001698493958,0.9417566932832315,0.9448888112702294,0.6207270692357587,0.5338345864661654,0.3901098901098901,0.8452380952380952,0.8452380952380952,0.945721271393643,0.6261337969588108,0.025675268770517547,1934,111,13,71,84
source_only_cross_domain,source_only,CPSC,CHAPMAN,cpsc_china,chapman_ningbo_china,canonical_six_label,AF|RBBB|LBBB|1dAVB|SB|ST,resnet1d,macro_accuracy|macro_auroc|macro_auprc|macro_f1_score|macro_prec|macro_rec|macro_sensitivity|macro_spec|macro_aprec|macro_br_score|score_macro_auroc|score_micro_auroc|score_macro_auprc|score_micro_auprc,42,record_level_random_no_patient_id_seed42,record_level_random_no_patient_id_seed42,source:record_level_random_no_patient_id_seed42|target:record_level_random_no_patient_id_seed42,shared_alignment_v1,5000,target_test,LBBB,0.11979112029075623,0.9704086425551902,0.9945288753799392,0.5909090909090909,0.3076923076923077,0.18181818181818182,1.0,1.0,0.9702127659574468,0.5508817665612643,0.0070060587984102345,2052,63,0,14,14
source_only_cross_domain,source_only,CPSC,CHAPMAN,cpsc_china,chapman_ningbo_china,canonical_six_label,AF|RBBB|LBBB|1dAVB|SB|ST,resnet1d,macro_accuracy|macro_auroc|macro_auprc|macro_f1_score|macro_prec|macro_rec|macro_sensitivity|macro_spec|macro_aprec|macro_br_score|score_macro_auroc|score_micro_auroc|score_macro_auprc|score_micro_auprc,42,record_level_random_no_patient_id_seed42,record_level_random_no_patient_id_seed42,source:record_level_random_no_patient_id_seed42|target:record_level_random_no_patient_id_seed42,shared_alignment_v1,5000,target_test,1dAVB,0.19672922790050507,0.918271488961954,0.9083300307611014,0.4821860910681582,0.30952380952380953,0.19402985074626866,0.7647058823529411,0.7647058823529411,0.9220404234841193,0.2915779714453311,0.03189165692834263,1916,162,12,39,51
source_only_cross_domain,source_only,CPSC,CHAPMAN,cpsc_china,chapman_ningbo_china,canonical_six_label,AF|RBBB|LBBB|1dAVB|SB|ST,resnet1d,macro_accuracy|macro_auroc|macro_auprc|macro_f1_score|macro_prec|macro_rec|macro_sensitivity|macro_spec|macro_aprec|macro_br_score|score_macro_auroc|score_micro_auroc|score_macro_auprc|score_micro_auprc,42,record_level_random_no_patient_id_seed42,record_level_random_no_patient_id_seed42,source:record_level_random_no_patient_id_seed42|target:record_level_random_no_patient_id_seed42,shared_alignment_v1,5000,target_test,SB,0.5,0.6350399248473462,0.7595373268450192,0.6824800375763269,,,0.0,0.0,1.0,0.5369166636973632,0.36488107900623257,1352,0,777,0,777
source_only_cross_domain,source_only,CPSC,CHAPMAN,cpsc_china,chapman_ningbo_china,canonical_six_label,AF|RBBB|LBBB|1dAVB|SB|ST,resnet1d,macro_accuracy|macro_auroc|macro_auprc|macro_f1_score|macro_prec|macro_rec|macro_sensitivity|macro_spec|macro_aprec|macro_br_score|score_macro_auroc|score_micro_auroc|score_macro_auprc|score_micro_auprc,42,record_level_random_no_patient_id_seed42,record_level_random_no_patient_id_seed42,source:record_level_random_no_patient_id_seed42|target:record_level_random_no_patient_id_seed42,shared_alignment_v1,5000,target_test,ST,0.5,0.8421794269610146,0.17598365336095395,0.5789102865194927,,,0.0,0.0,1.0,0.09262344766748144,0.1578180473993044,1793,0,336,0,336
source_only_cross_domain,source_only,CPSC,CODE15,cpsc_china,code15_brazil,canonical_six_label,AF|RBBB|LBBB|1dAVB|SB|ST,resnet1d,macro_accuracy|macro_auroc|macro_auprc|macro_f1_score|macro_prec|macro_rec|macro_sensitivity|macro_spec|macro_aprec|macro_br_score|score_macro_auroc|score_micro_auroc|score_macro_auprc|score_micro_auprc,42,record_level_random_no_patient_id_seed42,patient_level_random_seed42,source:record_level_random_no_patient_id_seed42|target:patient_level_random_seed42,shared_alignment_v1,5000,target_test,AF,0.2537878155708313,0.8753970545769564,0.7516227358420529,0.289518384023673,0.13353413654618473,0.07725371747211895,0.4918639053254438,0.4918639053254438,0.8830329269011015,0.0636767325885626,0.05391340229219628,59965,7943,687,665,1352
source_only_cross_domain,source_only,CPSC,CODE15,cpsc_china,code15_brazil,canonical_six_label,AF|RBBB|LBBB|1dAVB|SB|ST,resnet1d,macro_accuracy|macro_auroc|macro_auprc|macro_f1_score|macro_prec|macro_rec|macro_sensitivity|macro_spec|macro_aprec|macro_br_score|score_macro_auroc|score_micro_auroc|score_macro_auprc|score_micro_auprc,42,record_level_random_no_patient_id_seed42,patient_level_random_seed42,source:record_level_random_no_patient_id_seed42|target:patient_level_random_seed42,shared_alignment_v1,5000,target_test,RBBB,0.14044001698493958,0.7451775916835114,0.7814293160975337,0.416181838049692,0.1427946961969984,0.07895160857188893,0.7461928934010152,0.7461928934010152,0.7451478674394412,0.08140127793639691,0.10216200436975387,50141,17149,500,1470,1970
source_only_cross_domain,source_only,CPSC,CODE15,cpsc_china,code15_brazil,canonical_six_label,AF|RBBB|LBBB|1dAVB|SB|ST,resnet1d,macro_accuracy|macro_auroc|macro_auprc|macro_f1_score|macro_prec|macro_rec|macro_sensitivity|macro_spec|macro_aprec|macro_br_score|score_macro_auroc|score_micro_auroc|score_macro_auprc|score_micro_auprc,42,record_level_random_no_patient_id_seed42,patient_level_random_seed42,source:record_level_random_no_patient_id_seed42|target:patient_level_random_seed42,shared_alignment_v1,5000,target_test,LBBB,0.11979112029075623,0.8441813456540572,0.7691187896344132,0.3684747350617375,0.1260123096857791,0.06963838166845686,0.6615646258503401,0.6615646258503401,0.8473356442042184,0.04910983848918479,0.08300805922769107,57690,10394,398,778,1176
source_only_cross_domain,source_only,CPSC,CODE15,cpsc_china,code15_brazil,canonical_six_label,AF|RBBB|LBBB|1dAVB|SB|ST,resnet1d,macro_accuracy|macro_auroc|macro_auprc|macro_f1_score|macro_prec|macro_rec|macro_sensitivity|macro_spec|macro_aprec|macro_br_score|score_macro_auroc|score_micro_auroc|score_macro_auprc|score_micro_auprc,42,record_level_random_no_patient_id_seed42,patient_level_random_seed42,source:record_level_random_no_patient_id_seed42|target:patient_level_random_seed42,shared_alignment_v1,5000,target_test,1dAVB,0.19672922790050507,0.9430407161420733,0.7059284360678388,0.25703327844246865,0.1793218223424173,0.11664411366711773,0.38758992805755393,0.38758992805755393,0.9521042437048777,0.06640593223507804,0.03207790832074541,64884,3264,681,431,1112
source_only_cross_domain,source_only,CPSC,CODE15,cpsc_china,code15_brazil,canonical_six_label,AF|RBBB|LBBB|1dAVB|SB|ST,resnet1d,macro_accuracy|macro_auroc|macro_auprc|macro_f1_score|macro_prec|macro_rec|macro_sensitivity|macro_spec|macro_aprec|macro_br_score|score_macro_auroc|score_micro_auroc|score_macro_auprc|score_micro_auprc,42,record_level_random_no_patient_id_seed42,patient_level_random_seed42,source:record_level_random_no_patient_id_seed42|target:patient_level_random_seed42,shared_alignment_v1,5000,target_test,SB,0.5,0.9841178169217442,0.6338526728553138,0.5079410915391279,,,0.0,0.0,1.0,0.025096581058902282,0.015861626461238197,68160,0,1100,0,1100
source_only_cross_domain,source_only,CPSC,CODE15,cpsc_china,code15_brazil,canonical_six_label,AF|RBBB|LBBB|1dAVB|SB|ST,resnet1d,macro_accuracy|macro_auroc|macro_auprc|macro_f1_score|macro_prec|macro_rec|macro_sensitivity|macro_spec|macro_aprec|macro_br_score|score_macro_auroc|score_micro_auroc|score_macro_auprc|score_micro_auprc,42,record_level_random_no_patient_id_seed42,patient_level_random_seed42,source:record_level_random_no_patient_id_seed42|target:patient_level_random_seed42,shared_alignment_v1,5000,target_test,ST,0.5,0.9783424776205603,0.36784981798504524,0.5108287611897199,,,0.0,0.0,1.0,0.015878308454656813,0.02165715245038319,67760,0,1500,0,1500
source_only_cross_domain,source_only,CPSC,PTBXL,cpsc_china,ptbxl_germany,canonical_six_label,AF|RBBB|LBBB|1dAVB|SB|ST,resnet1d,macro_accuracy|macro_auroc|macro_auprc|macro_f1_score|macro_prec|macro_rec|macro_sensitivity|macro_spec|macro_aprec|macro_br_score|score_macro_auroc|score_micro_auroc|score_macro_auprc|score_micro_auprc,42,record_level_random_no_patient_id_seed42,official_strat_fold,source:record_level_random_no_patient_id_seed42|target:official_strat_fold,shared_alignment_v1,5000,target_test,AF,0.2537878155708313,0.9531392174704276,0.9470983176416115,0.7114002200398643,0.6961651917404129,0.6310160427807486,0.7763157894736842,0.7763157894736842,0.966275659824047,0.6809462847389467,0.03227282381068764,1977,69,34,118,152
source_only_cross_domain,source_only,CPSC,PTBXL,cpsc_china,ptbxl_germany,canonical_six_label,AF|RBBB|LBBB|1dAVB|SB|ST,resnet1d,macro_accuracy|macro_auroc|macro_auprc|macro_f1_score|macro_prec|macro_rec|macro_sensitivity|macro_spec|macro_aprec|macro_br_score|score_macro_auroc|score_micro_auroc|score_macro_auprc|score_micro_auprc,42,record_level_random_no_patient_id_seed42,official_strat_fold,source:record_level_random_no_patient_id_seed42|target:official_strat_fold,shared_alignment_v1,5000,target_test,RBBB,0.14044001698493958,0.934940855323021,0.9607099658476426,0.69997475554189,0.6619385342789598,0.5447470817120622,0.8433734939759037,0.8433734939759037,0.9424212598425197,0.7350067789305751,0.0350098258205326,1915,117,26,140,166
source_only_cross_domain,source_only,CPSC,PTBXL,cpsc_china,ptbxl_germany,canonical_six_label,AF|RBBB|LBBB|1dAVB|SB|ST,resnet1d,macro_accuracy|macro_auroc|macro_auprc|macro_f1_score|macro_prec|macro_rec|macro_sensitivity|macro_spec|macro_aprec|macro_br_score|score_macro_auroc|score_micro_auroc|score_macro_auprc|score_micro_auprc,42,record_level_random_no_patient_id_seed42,official_strat_fold,source:record_level_random_no_patient_id_seed42|target:official_strat_fold,shared_alignment_v1,5000,target_test,LBBB,0.11979112029075623,0.9126478616924477,0.9690860215053763,0.5776180956775762,0.3725490196078431,0.2336065573770492,0.9193548387096774,0.9193548387096774,0.9124531835205992,0.6515714024643388,0.027313426171246935,1949,187,5,57,62
source_only_cross_domain,source_only,CPSC,PTBXL,cpsc_china,ptbxl_germany,canonical_six_label,AF|RBBB|LBBB|1dAVB|SB|ST,resnet1d,macro_accuracy|macro_auroc|macro_auprc|macro_f1_score|macro_prec|macro_rec|macro_sensitivity|macro_spec|macro_aprec|macro_br_score|score_macro_auroc|score_micro_auroc|score_macro_auprc|score_micro_auprc,42,record_level_random_no_patient_id_seed42,official_strat_fold,source:record_level_random_no_patient_id_seed42|target:official_strat_fold,shared_alignment_v1,5000,target_test,1dAVB,0.19672922790050507,0.8885350318471338,0.826028518348158,0.40975399838678883,0.2857142857142857,0.1856060606060606,0.620253164556962,0.620253164556962,0.8985370457763096,0.2696745383465407,0.04624689921009377,1904,215,30,49,79
source_only_cross_domain,source_only,CPSC,PTBXL,cpsc_china,ptbxl_germany,canonical_six_label,AF|RBBB|LBBB|1dAVB|SB|ST,resnet1d,macro_accuracy|macro_auroc|macro_auprc|macro_f1_score|macro_prec|macro_rec|macro_sensitivity|macro_spec|macro_aprec|macro_br_score|score_macro_auroc|score_micro_auroc|score_macro_auprc|score_micro_auprc,42,record_level_random_no_patient_id_seed42,official_strat_fold,source:record_level_random_no_patient_id_seed42|target:official_strat_fold,shared_alignment_v1,5000,target_test,SB,0.5,0.9708826205641492,0.7454530810684161,0.5145586897179254,,,0.0,0.0,1.0,0.061250075837722955,0.029105258621242056,2134,0,64,0,64
source_only_cross_domain,source_only,CPSC,PTBXL,cpsc_china,ptbxl_germany,canonical_six_label,AF|RBBB|LBBB|1dAVB|SB|ST,resnet1d,macro_accuracy|macro_auroc|macro_auprc|macro_f1_score|macro_prec|macro_rec|macro_sensitivity|macro_spec|macro_aprec|macro_br_score|score_macro_auroc|score_micro_auroc|score_macro_auprc|score_micro_auprc,42,record_level_random_no_patient_id_seed42,official_strat_fold,source:record_level_random_no_patient_id_seed42|target:official_strat_fold,shared_alignment_v1,5000,target_test,ST,0.5,0.9626933575978162,0.2573712480981143,0.5186533212010919,,,0.0,0.0,1.0,0.02335207607009636,0.037304706321705475,2116,0,82,0,82
source_only_cross_domain,source_only,CPSC,SPH,cpsc_china,sph_china,canonical_six_label,AF|RBBB|LBBB|1dAVB|SB|ST,resnet1d,macro_accuracy|macro_auroc|macro_auprc|macro_f1_score|macro_prec|macro_rec|macro_sensitivity|macro_spec|macro_aprec|macro_br_score|score_macro_auroc|score_micro_auroc|score_macro_auprc|score_micro_auprc,42,record_level_random_no_patient_id_seed42,patient_level_random_seed42,source:record_level_random_no_patient_id_seed42|target:patient_level_random_seed42,shared_alignment_v1,5000,target_test,AF,0.2537878155708313,0.9873688301593471,0.9955911476131285,0.8234220089558538,0.8012232415902141,0.6894736842105263,0.9562043795620438,0.9562043795620438,0.9882212018366939,0.828110352048786,0.007193876068670473,4950,59,6,131,137
source_only_cross_domain,source_only,CPSC,SPH,cpsc_china,sph_china,canonical_six_label,AF|RBBB|LBBB|1dAVB|SB|ST,resnet1d,macro_accuracy|macro_auroc|macro_auprc|macro_f1_score|macro_prec|macro_rec|macro_sensitivity|macro_spec|macro_aprec|macro_br_score|score_macro_auroc|score_micro_auroc|score_macro_auprc|score_micro_auprc,42,record_level_random_no_patient_id_seed42,patient_level_random_seed42,source:record_level_random_no_patient_id_seed42|target:patient_level_random_seed42,shared_alignment_v1,5000,target_test,RBBB,0.14044001698493958,0.9461717839098329,0.9886974581845865,0.6477025494361847,0.48608534322820035,0.32425742574257427,0.9703703703703703,0.9703703703703703,0.9455198563161046,0.7166712250122552,0.021952302272444237,4738,273,4,131,135
source_only_cross_domain,source_only,CPSC,SPH,cpsc_china,sph_china,canonical_six_label,AF|RBBB|LBBB|1dAVB|SB|ST,resnet1d,macro_accuracy|macro_auroc|macro_auprc|macro_f1_score|macro_prec|macro_rec|macro_sensitivity|macro_spec|macro_aprec|macro_br_score|score_macro_auroc|score_micro_auroc|score_macro_auprc|score_micro_auprc,42,record_level_random_no_patient_id_seed42,patient_level_random_seed42,source:record_level_random_no_patient_id_seed42|target:patient_level_random_seed42,shared_alignment_v1,5000,target_test,LBBB,0.11979112029075623,0.983482316362223,0.9984742033922361,0.5773698901176554,0.33070866141732286,0.2,0.9545454545454546,0.9545454545454546,0.9836065573770492,0.9258748717893466,0.0021037945408010086,5040,84,1,21,22
source_only_cross_domain,source_only,CPSC,SPH,cpsc_china,sph_china,canonical_six_label,AF|RBBB|LBBB|1dAVB|SB|ST,resnet1d,macro_accuracy|macro_auroc|macro_auprc|macro_f1_score|macro_prec|macro_rec|macro_sensitivity|macro_spec|macro_aprec|macro_br_score|score_macro_auroc|score_micro_auroc|score_macro_auprc|score_micro_auprc,42,record_level_random_no_patient_id_seed42,patient_level_random_seed42,source:record_level_random_no_patient_id_seed42|target:patient_level_random_seed42,shared_alignment_v1,5000,target_test,1dAVB,0.19672922790050507,0.9403420132141469,0.9575627943485087,0.48236088047203474,0.21483375959079284,0.12316715542521994,0.84,0.84,0.9413265306122449,0.3411186756368431,0.021685212234351055,4797,299,8,42,50
source_only_cross_domain,source_only,CPSC,SPH,cpsc_china,sph_china,canonical_six_label,AF|RBBB|LBBB|1dAVB|SB|ST,resnet1d,macro_accuracy|macro_auroc|macro_auprc|macro_f1_score|macro_prec|macro_rec|macro_sensitivity|macro_spec|macro_aprec|macro_br_score|score_macro_auroc|score_micro_auroc|score_macro_auprc|score_micro_auprc,42,record_level_random_no_patient_id_seed42,patient_level_random_seed42,source:record_level_random_no_patient_id_seed42|target:patient_level_random_seed42,shared_alignment_v1,5000,target_test,SB,0.5,0.8942868247182277,0.8133132653322085,0.5528565876408861,,,0.0,0.0,1.0,0.3145372062851477,0.10569416305987892,4602,0,544,0,544
source_only_cross_domain,source_only,CPSC,SPH,cpsc_china,sph_china,canonical_six_label,AF|RBBB|LBBB|1dAVB|SB|ST,resnet1d,macro_accuracy|macro_auroc|macro_auprc|macro_f1_score|macro_prec|macro_rec|macro_sensitivity|macro_spec|macro_aprec|macro_br_score|score_macro_auroc|score_micro_auroc|score_macro_auprc|score_micro_auprc,42,record_level_random_no_patient_id_seed42,patient_level_random_seed42,source:record_level_random_no_patient_id_seed42|target:patient_level_random_seed42,shared_alignment_v1,5000,target_test,ST,0.5,0.969685192382433,0.1379900827295617,0.5151574038087835,,,0.0,0.0,1.0,0.016389702839005975,0.030314522456993453,4990,0,156,0,156
source_only_cross_domain,source_only,PTBXL,CHAPMAN,ptbxl_germany,chapman_ningbo_china,canonical_six_label,AF|RBBB|LBBB|1dAVB|SB|ST,resnet1d,macro_accuracy|macro_auroc|macro_auprc|macro_f1_score|macro_prec|macro_rec|macro_sensitivity|macro_spec|macro_aprec|macro_br_score|score_macro_auroc|score_micro_auroc|score_macro_auprc|score_micro_auprc,42,official_strat_fold,record_level_random_no_patient_id_seed42,source:official_strat_fold|target:record_level_random_no_patient_id_seed42,shared_alignment_v1,5000,target_test,AF,0.2357744574546814,0.8999530295913575,0.978261729371632,0.8039720850608841,0.7593220338983051,0.6153846153846154,0.9911504424778761,0.9911504424778761,0.88268156424581,0.8182248540888323,0.06256949266860214,1580,210,3,336,339
source_only_cross_domain,source_only,PTBXL,CHAPMAN,ptbxl_germany,chapman_ningbo_china,canonical_six_label,AF|RBBB|LBBB|1dAVB|SB|ST,resnet1d,macro_accuracy|macro_auroc|macro_auprc|macro_f1_score|macro_prec|macro_rec|macro_sensitivity|macro_spec|macro_aprec|macro_br_score|score_macro_auroc|score_micro_auroc|score_macro_auprc|score_micro_auprc,42,official_strat_fold,record_level_random_no_patient_id_seed42,source:official_strat_fold|target:record_level_random_no_patient_id_seed42,shared_alignment_v1,5000,target_test,RBBB,0.07281176745891571,0.9248473461719117,0.9621609034811969,0.633798274820853,0.49367088607594933,0.33620689655172414,0.9285714285714286,0.9285714285714286,0.9246943765281174,0.6220544785759541,0.03282664227563792,1891,154,6,78,84
source_only_cross_domain,source_only,PTBXL,CHAPMAN,ptbxl_germany,chapman_ningbo_china,canonical_six_label,AF|RBBB|LBBB|1dAVB|SB|ST,resnet1d,macro_accuracy|macro_auroc|macro_auprc|macro_f1_score|macro_prec|macro_rec|macro_sensitivity|macro_spec|macro_aprec|macro_br_score|score_macro_auroc|score_micro_auroc|score_macro_auprc|score_micro_auprc,42,official_strat_fold,record_level_random_no_patient_id_seed42,source:official_strat_fold|target:record_level_random_no_patient_id_seed42,shared_alignment_v1,5000,target_test,LBBB,0.026043342426419258,0.9882573978393612,0.9962850388382303,0.5602283656534478,0.4680851063829786,0.3333333333333333,0.7857142857142857,0.7857142857142857,0.9895981087470449,0.631505020660073,0.003963113105599032,2093,22,3,11,14
source_only_cross_domain,source_only,PTBXL,CHAPMAN,ptbxl_germany,chapman_ningbo_china,canonical_six_label,AF|RBBB|LBBB|1dAVB|SB|ST,resnet1d,macro_accuracy|macro_auroc|macro_auprc|macro_f1_score|macro_prec|macro_rec|macro_sensitivity|macro_spec|macro_aprec|macro_br_score|score_macro_auroc|score_micro_auroc|score_macro_auprc|score_micro_auprc,42,official_strat_fold,record_level_random_no_patient_id_seed42,source:official_strat_fold|target:record_level_random_no_patient_id_seed42,shared_alignment_v1,5000,target_test,1dAVB,0.019148238003253937,0.9271958666040394,0.9461586366981826,0.5034358873943516,0.3404255319148936,0.21739130434782608,0.7843137254901961,0.7843137254901961,0.9307025986525506,0.35006364171360316,0.019698461242542733,1934,144,11,40,51
source_only_cross_domain,source_only,PTBXL,CHAPMAN,ptbxl_germany,chapman_ningbo_china,canonical_six_label,AF|RBBB|LBBB|1dAVB|SB|ST,resnet1d,macro_accuracy|macro_auroc|macro_auprc|macro_f1_score|macro_prec|macro_rec|macro_sensitivity|macro_spec|macro_aprec|macro_br_score|score_macro_auroc|score_micro_auroc|score_macro_auprc|score_micro_auprc,42,official_strat_fold,record_level_random_no_patient_id_seed42,source:official_strat_fold|target:record_level_random_no_patient_id_seed42,shared_alignment_v1,5000,target_test,SB,0.04113668203353882,0.8243306716768436,0.9825674152597229,0.8423883994314141,0.6862416107382551,0.9855421686746988,0.5263835263835264,0.5263835263835264,0.9955621301775148,0.9647026760402801,0.28722382782243033,1346,6,368,409,777
source_only_cross_domain,source_only,PTBXL,CHAPMAN,ptbxl_germany,chapman_ningbo_china,canonical_six_label,AF|RBBB|LBBB|1dAVB|SB|ST,resnet1d,macro_accuracy|macro_auroc|macro_auprc|macro_f1_score|macro_prec|macro_rec|macro_sensitivity|macro_spec|macro_aprec|macro_br_score|score_macro_auroc|score_micro_auroc|score_macro_auprc|score_micro_auprc,42,official_strat_fold,record_level_random_no_patient_id_seed42,source:official_strat_fold|target:record_level_random_no_patient_id_seed42,shared_alignment_v1,5000,target_test,ST,0.05233123525977135,0.9394081728511038,0.9776628024327411,0.8354101776176027,0.8220689655172414,0.7660668380462725,0.8869047619047619,0.8869047619047619,0.9492470719464584,0.8923473186901535,0.057683867498506194,1702,91,38,298,336
source_only_cross_domain,source_only,PTBXL,CODE15,ptbxl_germany,code15_brazil,canonical_six_label,AF|RBBB|LBBB|1dAVB|SB|ST,resnet1d,macro_accuracy|macro_auroc|macro_auprc|macro_f1_score|macro_prec|macro_rec|macro_sensitivity|macro_spec|macro_aprec|macro_br_score|score_macro_auroc|score_micro_auroc|score_macro_auprc|score_micro_auprc,42,official_strat_fold,patient_level_random_seed42,source:official_strat_fold|target:patient_level_random_seed42,shared_alignment_v1,5000,target_test,AF,0.2357744574546814,0.9416113196650303,0.7384241553922763,0.3053062435889185,0.22942073170731705,0.15451745379876797,0.4452662721893491,0.4452662721893491,0.9514931966778583,0.1072494001479023,0.03305221241689093,64614,3294,750,602,1352
source_only_cross_domain,source_only,PTBXL,CODE15,ptbxl_germany,code15_brazil,canonical_six_label,AF|RBBB|LBBB|1dAVB|SB|ST,resnet1d,macro_accuracy|macro_auroc|macro_auprc|macro_f1_score|macro_prec|macro_rec|macro_sensitivity|macro_spec|macro_aprec|macro_br_score|score_macro_auroc|score_micro_auroc|score_macro_auprc|score_micro_auprc,42,official_strat_fold,patient_level_random_seed42,source:official_strat_fold|target:patient_level_random_seed42,shared_alignment_v1,5000,target_test,RBBB,0.07281176745891571,0.8628790066416402,0.7788721255751113,0.4215880688059349,0.225177449620625,0.1341498979294255,0.700507614213198,0.700507614213198,0.8676326348640214,0.22140368216071893,0.048455989374558806,58383,8907,590,1380,1970
source_only_cross_domain,source_only,PTBXL,CODE15,ptbxl_germany,code15_brazil,canonical_six_label,AF|RBBB|LBBB|1dAVB|SB|ST,resnet1d,macro_accuracy|macro_auroc|macro_auprc|macro_f1_score|macro_prec|macro_rec|macro_sensitivity|macro_spec|macro_aprec|macro_br_score|score_macro_auroc|score_micro_auroc|score_macro_auprc|score_micro_auprc,42,official_strat_fold,patient_level_random_seed42,source:official_strat_fold|target:patient_level_random_seed42,shared_alignment_v1,5000,target_test,LBBB,0.026043342426419258,0.9074213110020214,0.7411011475120568,0.3279651928992792,0.1677050882658359,0.09895833333333333,0.5493197278911565,0.5493197278911565,0.913606721109218,0.0659206469264463,0.053824235391771724,62202,5882,530,646,1176
source_only_cross_domain,source_only,PTBXL,CODE15,ptbxl_germany,code15_brazil,canonical_six_label,AF|RBBB|LBBB|1dAVB|SB|ST,resnet1d,macro_accuracy|macro_auroc|macro_auprc|macro_f1_score|macro_prec|macro_rec|macro_sensitivity|macro_spec|macro_aprec|macro_br_score|score_macro_auroc|score_micro_auroc|score_macro_auprc|score_micro_auprc,42,official_strat_fold,patient_level_random_seed42,source:official_strat_fold|target:patient_level_random_seed42,shared_alignment_v1,5000,target_test,1dAVB,0.019148238003253937,0.9243286168062373,0.7042539766390797,0.22504491707035532,0.1321410829607551,0.08098234219606251,0.35881294964028776,0.35881294964028776,0.9335563772964723,0.04973304913043479,0.02928400994122862,63620,4528,713,399,1112
source_only_cross_domain,source_only,PTBXL,CODE15,ptbxl_germany,code15_brazil,canonical_six_label,AF|RBBB|LBBB|1dAVB|SB|ST,resnet1d,macro_accuracy|macro_auroc|macro_auprc|macro_f1_score|macro_prec|macro_rec|macro_sensitivity|macro_spec|macro_aprec|macro_br_score|score_macro_auroc|score_micro_auroc|score_macro_auprc|score_micro_auprc,42,official_strat_fold,patient_level_random_seed42,source:official_strat_fold|target:patient_level_random_seed42,shared_alignment_v1,5000,target_test,SB,0.04113668203353882,0.7455241120415824,0.6921187179897568,0.32166901156661787,0.06967537608867774,0.036985149901933315,0.6,0.6,0.7478726525821596,0.10262273614599626,0.06659791681055649,50975,17185,440,660,1100
source_only_cross_domain,source_only,PTBXL,CODE15,ptbxl_germany,code15_brazil,canonical_six_label,AF|RBBB|LBBB|1dAVB|SB|ST,resnet1d,macro_accuracy|macro_auroc|macro_auprc|macro_f1_score|macro_prec|macro_rec|macro_sensitivity|macro_spec|macro_aprec|macro_br_score|score_macro_auroc|score_micro_auroc|score_macro_auprc|score_micro_auprc,42,official_strat_fold,patient_level_random_seed42,source:official_strat_fold|target:patient_level_random_seed42,shared_alignment_v1,5000,target_test,ST,0.05233123525977135,0.9349841178169217,0.7116477912239275,0.03904123429931855,0.02511366096557696,0.018595703751202307,0.03866666666666667,0.03866666666666667,0.9548258559622196,0.03985433051820494,0.03245096568124449,64699,3061,1442,58,1500
source_only_cross_domain,source_only,PTBXL,CPSC,ptbxl_germany,cpsc_china,canonical_six_label,AF|RBBB|LBBB|1dAVB|SB|ST,resnet1d,macro_accuracy|macro_auroc|macro_auprc|macro_f1_score|macro_prec|macro_rec|macro_sensitivity|macro_spec|macro_aprec|macro_br_score|score_macro_auroc|score_micro_auroc|score_macro_auprc|score_micro_auprc,42,official_strat_fold,record_level_random_no_patient_id_seed42,source:official_strat_fold|target:record_level_random_no_patient_id_seed42,shared_alignment_v1,5000,target_test,AF,0.2357744574546814,0.9457889641819942,0.969517420727563,0.837628563540985,0.8233438485804416,0.7478510028653295,0.9157894736842105,0.9157894736842105,0.9505895564289725,0.8924091068767388,0.03416068563861154,1693,88,24,261,285
source_only_cross_domain,source_only,PTBXL,CPSC,ptbxl_germany,cpsc_china,canonical_six_label,AF|RBBB|LBBB|1dAVB|SB|ST,resnet1d,macro_accuracy|macro_auroc|macro_auprc|macro_f1_score|macro_prec|macro_rec|macro_sensitivity|macro_spec|macro_aprec|macro_br_score|score_macro_auroc|score_micro_auroc|score_macro_auprc|score_micro_auprc,42,official_strat_fold,record_level_random_no_patient_id_seed42,source:official_strat_fold|target:record_level_random_no_patient_id_seed42,shared_alignment_v1,5000,target_test,RBBB,0.07281176745891571,0.9230396902226524,0.9590557698489232,0.8262845519865927,0.8077388149939542,0.7245119305856833,0.912568306010929,0.912568306010929,0.9252941176470588,0.7981749317120651,0.05686575086932502,1573,127,32,334,366
source_only_cross_domain,source_only,PTBXL,CPSC,ptbxl_germany,cpsc_china,canonical_six_label,AF|RBBB|LBBB|1dAVB|SB|ST,resnet1d,macro_accuracy|macro_auroc|macro_auprc|macro_f1_score|macro_prec|macro_rec|macro_sensitivity|macro_spec|macro_aprec|macro_br_score|score_macro_auroc|score_micro_auroc|score_macro_auprc|score_micro_auprc,42,official_strat_fold,record_level_random_no_patient_id_seed42,source:official_strat_fold|target:record_level_random_no_patient_id_seed42,shared_alignment_v1,5000,target_test,LBBB,0.026043342426419258,0.9806389157792836,0.9270683950547854,0.6713127180405122,0.6610169491525424,0.6,0.7358490566037735,0.7358490566037735,0.9870839542970691,0.7228941587583586,0.012387683306313988,1987,26,14,39,53
source_only_cross_domain,source_only,PTBXL,CPSC,ptbxl_germany,cpsc_china,canonical_six_label,AF|RBBB|LBBB|1dAVB|SB|ST,resnet1d,macro_accuracy|macro_auroc|macro_auprc|macro_f1_score|macro_prec|macro_rec|macro_sensitivity|macro_spec|macro_aprec|macro_br_score|score_macro_auroc|score_micro_auroc|score_macro_auprc|score_micro_auprc,42,official_strat_fold,record_level_random_no_patient_id_seed42,source:official_strat_fold|target:record_level_random_no_patient_id_seed42,shared_alignment_v1,5000,target_test,1dAVB,0.019148238003253937,0.9327202323330106,0.9413936460660214,0.6806936116975946,0.6550868486352357,0.5665236051502146,0.7764705882352941,0.7764705882352941,0.9467299578059072,0.6580612242078344,0.058076668214608,1795,101,38,132,170
source_only_cross_domain,source_only,PTBXL,CPSC,ptbxl_germany,cpsc_china,canonical_six_label,AF|RBBB|LBBB|1dAVB|SB|ST,resnet1d,macro_accuracy|macro_auroc|macro_auprc|macro_f1_score|macro_prec|macro_rec|macro_sensitivity|macro_spec|macro_aprec|macro_br_score|score_macro_auroc|score_micro_auroc|score_macro_auprc|score_micro_auprc,42,official_strat_fold,record_level_random_no_patient_id_seed42,source:official_strat_fold|target:record_level_random_no_patient_id_seed42,shared_alignment_v1,5000,target_test,SB,0.04113668203353882,0.9564375605033882,,,,0.0,,,0.9564375605033882,,0.9812230929807493,1976,90,0,0,0
source_only_cross_domain,source_only,PTBXL,CPSC,ptbxl_germany,cpsc_china,canonical_six_label,AF|RBBB|LBBB|1dAVB|SB|ST,resnet1d,macro_accuracy|macro_auroc|macro_auprc|macro_f1_score|macro_prec|macro_rec|macro_sensitivity|macro_spec|macro_aprec|macro_br_score|score_macro_auroc|score_micro_auroc|score_macro_auprc|score_micro_auprc,42,official_strat_fold,record_level_random_no_patient_id_seed42,source:official_strat_fold|target:record_level_random_no_patient_id_seed42,shared_alignment_v1,5000,target_test,ST,0.05233123525977135,0.8736689254598258,,,,0.0,,,0.8736689254598258,,0.9281347769364836,1805,261,0,0,0
source_only_cross_domain,source_only,PTBXL,SPH,ptbxl_germany,sph_china,canonical_six_label,AF|RBBB|LBBB|1dAVB|SB|ST,resnet1d,macro_accuracy|macro_auroc|macro_auprc|macro_f1_score|macro_prec|macro_rec|macro_sensitivity|macro_spec|macro_aprec|macro_br_score|score_macro_auroc|score_micro_auroc|score_macro_auprc|score_micro_auprc,42,official_strat_fold,patient_level_random_seed42,source:official_strat_fold|target:patient_level_random_seed42,shared_alignment_v1,5000,target_test,AF,0.2357744574546814,0.9811504080839487,0.9973835417416533,0.7927350427350428,0.738544474393531,0.5854700854700855,1.0,1.0,0.9806348572569376,0.8151935701189872,0.008756459303015033,4912,97,0,137,137
source_only_cross_domain,source_only,PTBXL,SPH,ptbxl_germany,sph_china,canonical_six_label,AF|RBBB|LBBB|1dAVB|SB|ST,resnet1d,macro_accuracy|macro_auroc|macro_auprc|macro_f1_score|macro_prec|macro_rec|macro_sensitivity|macro_spec|macro_aprec|macro_br_score|score_macro_auroc|score_micro_auroc|score_macro_auprc|score_micro_auprc,42,official_strat_fold,patient_level_random_seed42,source:official_strat_fold|target:patient_level_random_seed42,shared_alignment_v1,5000,target_test,RBBB,0.07281176745891571,0.962883793237466,0.9880987752869612,0.6915486793321932,0.5783664459161149,0.4119496855345912,0.9703703703703703,0.9703703703703703,0.962682099381361,0.7419251969124703,0.01795344658650566,4824,187,4,131,135
source_only_cross_domain,source_only,PTBXL,SPH,ptbxl_germany,sph_china,canonical_six_label,AF|RBBB|LBBB|1dAVB|SB|ST,resnet1d,macro_accuracy|macro_auroc|macro_auprc|macro_f1_score|macro_prec|macro_rec|macro_sensitivity|macro_spec|macro_aprec|macro_br_score|score_macro_auroc|score_micro_auroc|score_macro_auprc|score_micro_auprc,42,official_strat_fold,patient_level_random_seed42,source:official_strat_fold|target:patient_level_random_seed42,shared_alignment_v1,5000,target_test,LBBB,0.026043342426419258,0.9988340458608628,0.9973653395784543,0.8812160439638093,0.875,0.8076923076923077,0.9545454545454546,0.9545454545454546,0.999024199843872,0.9463092257586818,0.001019529448880093,5119,5,1,21,22
source_only_cross_domain,source_only,PTBXL,SPH,ptbxl_germany,sph_china,canonical_six_label,AF|RBBB|LBBB|1dAVB|SB|ST,resnet1d,macro_accuracy|macro_auroc|macro_auprc|macro_f1_score|macro_prec|macro_rec|macro_sensitivity|macro_spec|macro_aprec|macro_br_score|score_macro_auroc|score_micro_auroc|score_macro_auprc|score_micro_auprc,42,official_strat_fold,patient_level_random_seed42,source:official_strat_fold|target:patient_level_random_seed42,shared_alignment_v1,5000,target_test,1dAVB,0.019148238003253937,0.9766809172172561,0.9871938775510204,0.5457428866569844,0.40594059405940597,0.26973684210526316,0.82,0.82,0.9782182103610675,0.5105235109368154,0.007316495361234379,4985,111,9,41,50
source_only_cross_domain,source_only,PTBXL,SPH,ptbxl_germany,sph_china,canonical_six_label,AF|RBBB|LBBB|1dAVB|SB|ST,resnet1d,macro_accuracy|macro_auroc|macro_auprc|macro_f1_score|macro_prec|macro_rec|macro_sensitivity|macro_spec|macro_aprec|macro_br_score|score_macro_auroc|score_micro_auroc|score_macro_auprc|score_micro_auprc,42,official_strat_fold,patient_level_random_seed42,source:official_strat_fold|target:patient_level_random_seed42,shared_alignment_v1,5000,target_test,SB,0.04113668203353882,0.9288767975126312,0.9636399295702635,0.6631676669052707,0.5283505154639175,0.8836206896551724,0.37683823529411764,0.37683823529411764,0.9941329856584094,0.7817076208225519,0.09021863396798484,4575,27,339,205,544
source_only_cross_domain,source_only,PTBXL,SPH,ptbxl_germany,sph_china,canonical_six_label,AF|RBBB|LBBB|1dAVB|SB|ST,resnet1d,macro_accuracy|macro_auroc|macro_auprc|macro_f1_score|macro_prec|macro_rec|macro_sensitivity|macro_spec|macro_aprec|macro_br_score|score_macro_auroc|score_micro_auroc|score_macro_auprc|score_micro_auprc,42,official_strat_fold,patient_level_random_seed42,source:official_strat_fold|target:patient_level_random_seed42,shared_alignment_v1,5000,target_test,ST,0.05233123525977135,0.9603575592693354,0.9708763681208571,0.6570195864793611,0.575,0.42592592592592593,0.8846153846153846,0.8846153846153846,0.9627254509018036,0.7313397821131985,0.014964033426116331,4804,186,18,138,156
source_only_cross_domain,source_only,SPH,CHAPMAN,sph_china,chapman_ningbo_china,canonical_six_label,AF|RBBB|LBBB|1dAVB|SB|ST,resnet1d,macro_accuracy|macro_auroc|macro_auprc|macro_f1_score|macro_prec|macro_rec|macro_sensitivity|macro_spec|macro_aprec|macro_br_score|score_macro_auroc|score_micro_auroc|score_macro_auprc|score_micro_auprc,42,patient_level_random_seed42,record_level_random_no_patient_id_seed42,source:patient_level_random_seed42|target:record_level_random_no_patient_id_seed42,shared_alignment_v1,5000,target_test,AF,0.050870880484580994,0.9145138562705496,0.9620078772597684,0.8005651055248962,0.7741935483870969,0.6680942184154176,0.9203539823008849,0.9203539823008849,0.9134078212290503,0.7218417517085504,0.07067821573809752,1635,155,27,312,339
source_only_cross_domain,source_only,SPH,CHAPMAN,sph_china,chapman_ningbo_china,canonical_six_label,AF|RBBB|LBBB|1dAVB|SB|ST,resnet1d,macro_accuracy|macro_auroc|macro_auprc|macro_f1_score|macro_prec|macro_rec|macro_sensitivity|macro_spec|macro_aprec|macro_br_score|score_macro_auroc|score_micro_auroc|score_macro_auprc|score_micro_auprc,42,patient_level_random_seed42,record_level_random_no_patient_id_seed42,source:patient_level_random_seed42|target:record_level_random_no_patient_id_seed42,shared_alignment_v1,5000,target_test,RBBB,0.10197862982749939,0.9619539689995303,0.9615438351379672,0.7036442806338129,0.6493506493506493,0.5102040816326531,0.8928571428571429,0.8928571428571429,0.9647921760391198,0.7650860012469743,0.01694484681129232,1973,72,9,75,84
source_only_cross_domain,source_only,SPH,CHAPMAN,sph_china,chapman_ningbo_china,canonical_six_label,AF|RBBB|LBBB|1dAVB|SB|ST,resnet1d,macro_accuracy|macro_auroc|macro_auprc|macro_f1_score|macro_prec|macro_rec|macro_sensitivity|macro_spec|macro_aprec|macro_br_score|score_macro_auroc|score_micro_auroc|score_macro_auprc|score_micro_auprc,42,patient_level_random_seed42,record_level_random_no_patient_id_seed42,source:patient_level_random_seed42|target:record_level_random_no_patient_id_seed42,shared_alignment_v1,5000,target_test,LBBB,0.07373201847076416,0.9910756223579145,0.9964201283350219,0.6741979856837658,0.5777777777777778,0.41935483870967744,0.9285714285714286,0.9285714285714286,0.9914893617021276,0.7058199141849713,0.0037858730176459528,2097,18,1,13,14
source_only_cross_domain,source_only,SPH,CHAPMAN,sph_china,chapman_ningbo_china,canonical_six_label,AF|RBBB|LBBB|1dAVB|SB|ST,resnet1d,macro_accuracy|macro_auroc|macro_auprc|macro_f1_score|macro_prec|macro_rec|macro_sensitivity|macro_spec|macro_aprec|macro_br_score|score_macro_auroc|score_micro_auroc|score_macro_auprc|score_micro_auprc,42,patient_level_random_seed42,record_level_random_no_patient_id_seed42,source:patient_level_random_seed42|target:record_level_random_no_patient_id_seed42,shared_alignment_v1,5000,target_test,1dAVB,0.0436844676733017,0.8351338656646313,0.908386646285078,0.48971754424993236,0.20045558086560364,0.1134020618556701,0.8627450980392157,0.8627450980392157,0.8344562078922041,0.29941273750053005,0.024677708171481166,1734,344,7,44,51
source_only_cross_domain,source_only,SPH,CHAPMAN,sph_china,chapman_ningbo_china,canonical_six_label,AF|RBBB|LBBB|1dAVB|SB|ST,resnet1d,macro_accuracy|macro_auroc|macro_auprc|macro_f1_score|macro_prec|macro_rec|macro_sensitivity|macro_spec|macro_aprec|macro_br_score|score_macro_auroc|score_micro_auroc|score_macro_auprc|score_micro_auprc,42,patient_level_random_seed42,record_level_random_no_patient_id_seed42,source:patient_level_random_seed42|target:record_level_random_no_patient_id_seed42,shared_alignment_v1,5000,target_test,SB,0.3630950450897217,0.9333020197275717,0.9769634385019,0.9242568770386508,0.9097839898348157,0.8983688833124216,0.9214929214929215,0.9214929214929215,0.9400887573964497,0.9382456361542177,0.054524502163646016,1271,81,61,716,777
source_only_cross_domain,source_only,SPH,CHAPMAN,sph_china,chapman_ningbo_china,canonical_six_label,AF|RBBB|LBBB|1dAVB|SB|ST,resnet1d,macro_accuracy|macro_auroc|macro_auprc|macro_f1_score|macro_prec|macro_rec|macro_sensitivity|macro_spec|macro_aprec|macro_br_score|score_macro_auroc|score_micro_auroc|score_macro_auprc|score_micro_auprc,42,patient_level_random_seed42,record_level_random_no_patient_id_seed42,source:patient_level_random_seed42|target:record_level_random_no_patient_id_seed42,shared_alignment_v1,5000,target_test,ST,0.08167791366577148,0.9032409581963363,0.9490047273789605,0.7759551322178782,0.745679012345679,0.6371308016877637,0.8988095238095238,0.8988095238095238,0.9040713887339654,0.6742641072926205,0.07586316549422713,1621,172,34,302,336
source_only_cross_domain,source_only,SPH,CODE15,sph_china,code15_brazil,canonical_six_label,AF|RBBB|LBBB|1dAVB|SB|ST,resnet1d,macro_accuracy|macro_auroc|macro_auprc|macro_f1_score|macro_prec|macro_rec|macro_sensitivity|macro_spec|macro_aprec|macro_br_score|score_macro_auroc|score_micro_auroc|score_macro_auprc|score_micro_auprc,42,patient_level_random_seed42,patient_level_random_seed42,source:patient_level_random_seed42|target:patient_level_random_seed42,shared_alignment_v1,5000,target_test,AF,0.050870880484580994,0.9101212821253248,0.7491086095249646,0.2509213944530988,0.14784394250513347,0.09071056610112549,0.3994082840236686,0.3994082840236686,0.9202892148200507,0.06643137286784785,0.03200591284898302,62495,5413,812,540,1352
source_only_cross_domain,source_only,SPH,CODE15,sph_china,code15_brazil,canonical_six_label,AF|RBBB|LBBB|1dAVB|SB|ST,resnet1d,macro_accuracy|macro_auroc|macro_auprc|macro_f1_score|macro_prec|macro_rec|macro_sensitivity|macro_spec|macro_aprec|macro_br_score|score_macro_auroc|score_micro_auroc|score_macro_auprc|score_micro_auprc,42,patient_level_random_seed42,patient_level_random_seed42,source:patient_level_random_seed42|target:patient_level_random_seed42,shared_alignment_v1,5000,target_test,RBBB,0.10197862982749939,0.7047213398787179,0.7527218765959597,0.4624274630012212,0.13988308028767296,0.07625991654056037,0.8441624365482233,0.8441624365482233,0.7006390251151732,0.06057821915238961,0.22142276084632093,47146,20144,307,1663,1970
source_only_cross_domain,source_only,SPH,CODE15,sph_china,code15_brazil,canonical_six_label,AF|RBBB|LBBB|1dAVB|SB|ST,resnet1d,macro_accuracy|macro_auroc|macro_auprc|macro_f1_score|macro_prec|macro_rec|macro_sensitivity|macro_spec|macro_aprec|macro_br_score|score_macro_auroc|score_micro_auroc|score_macro_auprc|score_micro_auprc,42,patient_level_random_seed42,patient_level_random_seed42,source:patient_level_random_seed42|target:patient_level_random_seed42,shared_alignment_v1,5000,target_test,LBBB,0.07373201847076416,0.9464914813745308,0.7435325552728582,0.3094904404018287,0.2259816207184628,0.14977851605758583,0.46003401360544216,0.46003401360544216,0.9548939545267611,0.09346408415562578,0.03578831459615221,65013,3071,635,541,1176
source_only_cross_domain,source_only,SPH,CODE15,sph_china,code15_brazil,canonical_six_label,AF|RBBB|LBBB|1dAVB|SB|ST,resnet1d,macro_accuracy|macro_auroc|macro_auprc|macro_f1_score|macro_prec|macro_rec|macro_sensitivity|macro_spec|macro_aprec|macro_br_score|score_macro_auroc|score_micro_auroc|score_macro_auprc|score_micro_auprc,42,patient_level_random_seed42,patient_level_random_seed42,source:patient_level_random_seed42|target:patient_level_random_seed42,shared_alignment_v1,5000,target_test,1dAVB,0.0436844676733017,0.7871787467513717,0.6938266542075373,0.34668289655702855,0.08809700569166047,0.047302684028700505,0.6402877697841727,0.6402877697841727,0.789575629512238,0.0317272507201045,0.11854615615093676,53808,14340,400,712,1112
source_only_cross_domain,source_only,SPH,CODE15,sph_china,code15_brazil,canonical_six_label,AF|RBBB|LBBB|1dAVB|SB|ST,resnet1d,macro_accuracy|macro_auroc|macro_auprc|macro_f1_score|macro_prec|macro_rec|macro_sensitivity|macro_spec|macro_aprec|macro_br_score|score_macro_auroc|score_micro_auroc|score_macro_auprc|score_micro_auprc,42,patient_level_random_seed42,patient_level_random_seed42,source:patient_level_random_seed42|target:patient_level_random_seed42,shared_alignment_v1,5000,target_test,SB,0.3630950450897217,0.4213976321108865,0.7072301403115663,0.3696914219254181,0.037792931233192474,0.019409095393114334,0.7154545454545455,0.7154545454545455,0.41665199530516434,0.08581005713558762,0.4775171317984884,28399,39761,313,787,1100
source_only_cross_domain,source_only,SPH,CODE15,sph_china,code15_brazil,canonical_six_label,AF|RBBB|LBBB|1dAVB|SB|ST,resnet1d,macro_accuracy|macro_auroc|macro_auprc|macro_f1_score|macro_prec|macro_rec|macro_sensitivity|macro_spec|macro_aprec|macro_br_score|score_macro_auroc|score_micro_auroc|score_macro_auprc|score_micro_auprc,42,patient_level_random_seed42,patient_level_random_seed42,source:patient_level_random_seed42|target:patient_level_random_seed42,shared_alignment_v1,5000,target_test,ST,0.08167791366577148,0.7400086630089517,0.6646697658402204,0.14009422230666582,0.03885775286896184,0.021119814331302583,0.24266666666666667,0.24266666666666667,0.7510182998819362,0.029369639021400513,0.19550415520251085,50889,16871,1136,364,1500
source_only_cross_domain,source_only,SPH,CPSC,sph_china,cpsc_china,canonical_six_label,AF|RBBB|LBBB|1dAVB|SB|ST,resnet1d,macro_accuracy|macro_auroc|macro_auprc|macro_f1_score|macro_prec|macro_rec|macro_sensitivity|macro_spec|macro_aprec|macro_br_score|score_macro_auroc|score_micro_auroc|score_macro_auprc|score_micro_auprc,42,patient_level_random_seed42,record_level_random_no_patient_id_seed42,source:patient_level_random_seed42|target:record_level_random_no_patient_id_seed42,shared_alignment_v1,5000,target_test,AF,0.050870880484580994,0.952565343659245,0.9638454643064709,0.8448099786313332,0.8344594594594595,0.8045602605863192,0.8666666666666667,0.8666666666666667,0.9663110612015722,0.8610259323013486,0.04823365481216173,1721,60,38,247,285
source_only_cross_domain,source_only,SPH,CPSC,sph_china,cpsc_china,canonical_six_label,AF|RBBB|LBBB|1dAVB|SB|ST,resnet1d,macro_accuracy|macro_auroc|macro_auprc|macro_f1_score|macro_prec|macro_rec|macro_sensitivity|macro_spec|macro_aprec|macro_br_score|score_macro_auroc|score_micro_auroc|score_macro_auprc|score_micro_auprc,42,patient_level_random_seed42,record_level_random_no_patient_id_seed42,source:patient_level_random_seed42|target:record_level_random_no_patient_id_seed42,shared_alignment_v1,5000,target_test,RBBB,0.10197862982749939,0.9119070667957405,0.9162552234008358,0.7701420115123636,0.7458100558659218,0.7628571428571429,0.7295081967213115,0.7295081967213115,0.9511764705882353,0.7544577374874984,0.07761655076281981,1617,83,99,267,366
source_only_cross_domain,source_only,SPH,CPSC,sph_china,cpsc_china,canonical_six_label,AF|RBBB|LBBB|1dAVB|SB|ST,resnet1d,macro_accuracy|macro_auroc|macro_auprc|macro_f1_score|macro_prec|macro_rec|macro_sensitivity|macro_spec|macro_aprec|macro_br_score|score_macro_auroc|score_micro_auroc|score_macro_auprc|score_micro_auprc,42,patient_level_random_seed42,record_level_random_no_patient_id_seed42,source:patient_level_random_seed42|target:record_level_random_no_patient_id_seed42,shared_alignment_v1,5000,target_test,LBBB,0.07373201847076416,0.9845111326234269,0.9166736964448069,0.7194877175993618,0.7142857142857143,0.6779661016949152,0.7547169811320755,0.7547169811320755,0.9905613512170889,0.6913851746722597,0.01227162158400525,1994,19,13,40,53
source_only_cross_domain,source_only,SPH,CPSC,sph_china,cpsc_china,canonical_six_label,AF|RBBB|LBBB|1dAVB|SB|ST,resnet1d,macro_accuracy|macro_auroc|macro_auprc|macro_f1_score|macro_prec|macro_rec|macro_sensitivity|macro_spec|macro_aprec|macro_br_score|score_macro_auroc|score_micro_auroc|score_macro_auprc|score_micro_auprc,42,patient_level_random_seed42,record_level_random_no_patient_id_seed42,source:patient_level_random_seed42|target:record_level_random_no_patient_id_seed42,shared_alignment_v1,5000,target_test,1dAVB,0.0436844676733017,0.8581800580832527,0.9117181682799702,0.5834717043161678,0.4832451499118166,0.345088161209068,0.8058823529411765,0.8058823529411765,0.8628691983122363,0.5573709657970267,0.051709857615959955,1636,260,33,137,170
source_only_cross_domain,source_only,SPH,CPSC,sph_china,cpsc_china,canonical_six_label,AF|RBBB|LBBB|1dAVB|SB|ST,resnet1d,macro_accuracy|macro_auroc|macro_auprc|macro_f1_score|macro_prec|macro_rec|macro_sensitivity|macro_spec|macro_aprec|macro_br_score|score_macro_auroc|score_micro_auroc|score_macro_auprc|score_micro_auprc,42,patient_level_random_seed42,record_level_random_no_patient_id_seed42,source:patient_level_random_seed42|target:record_level_random_no_patient_id_seed42,shared_alignment_v1,5000,target_test,SB,0.3630950450897217,0.8630203291384317,,,,0.0,,,0.8630203291384317,,0.8364944341451176,1783,283,0,0,0
source_only_cross_domain,source_only,SPH,CPSC,sph_china,cpsc_china,canonical_six_label,AF|RBBB|LBBB|1dAVB|SB|ST,resnet1d,macro_accuracy|macro_auroc|macro_auprc|macro_f1_score|macro_prec|macro_rec|macro_sensitivity|macro_spec|macro_aprec|macro_br_score|score_macro_auroc|score_micro_auroc|score_macro_auprc|score_micro_auprc,42,patient_level_random_seed42,record_level_random_no_patient_id_seed42,source:patient_level_random_seed42|target:record_level_random_no_patient_id_seed42,shared_alignment_v1,5000,target_test,ST,0.08167791366577148,0.8852855759922555,,,,0.0,,,0.8852855759922555,,0.9129015003927767,1829,237,0,0,0
source_only_cross_domain,source_only,SPH,PTBXL,sph_china,ptbxl_germany,canonical_six_label,AF|RBBB|LBBB|1dAVB|SB|ST,resnet1d,macro_accuracy|macro_auroc|macro_auprc|macro_f1_score|macro_prec|macro_rec|macro_sensitivity|macro_spec|macro_aprec|macro_br_score|score_macro_auroc|score_micro_auroc|score_macro_auprc|score_micro_auprc,42,patient_level_random_seed42,official_strat_fold,source:patient_level_random_seed42|target:official_strat_fold,shared_alignment_v1,5000,target_test,AF,0.050870880484580994,0.9613284804367607,0.9547769717549004,0.7232191417365739,0.711864406779661,0.7342657342657343,0.6907894736842105,0.6907894736842105,0.9814271749755621,0.761508268273354,0.04495458071575709,2008,38,47,105,152
source_only_cross_domain,source_only,SPH,PTBXL,sph_china,ptbxl_germany,canonical_six_label,AF|RBBB|LBBB|1dAVB|SB|ST,resnet1d,macro_accuracy|macro_auroc|macro_auprc|macro_f1_score|macro_prec|macro_rec|macro_sensitivity|macro_spec|macro_aprec|macro_br_score|score_macro_auroc|score_micro_auroc|score_macro_auprc|score_micro_auprc,42,patient_level_random_seed42,official_strat_fold,source:patient_level_random_seed42|target:official_strat_fold,shared_alignment_v1,5000,target_test,RBBB,0.10197862982749939,0.9322111010009099,0.8723585286025993,0.5818760614859617,0.565597667638484,0.5480225988700564,0.5843373493975904,0.5843373493975904,0.9606299212598425,0.6276652125941833,0.04135332857759784,1952,80,69,97,166
source_only_cross_domain,source_only,SPH,PTBXL,sph_china,ptbxl_germany,canonical_six_label,AF|RBBB|LBBB|1dAVB|SB|ST,resnet1d,macro_accuracy|macro_auroc|macro_auprc|macro_f1_score|macro_prec|macro_rec|macro_sensitivity|macro_spec|macro_aprec|macro_br_score|score_macro_auroc|score_micro_auroc|score_macro_auprc|score_micro_auprc,42,patient_level_random_seed42,official_strat_fold,source:patient_level_random_seed42|target:official_strat_fold,shared_alignment_v1,5000,target_test,LBBB,0.07373201847076416,0.9731574158325751,0.9776715597438685,0.7021500895790648,0.6508875739644969,0.514018691588785,0.8870967741935484,0.8870967741935484,0.9756554307116105,0.8197722059778483,0.011966006430336082,2084,52,7,55,62
source_only_cross_domain,source_only,SPH,PTBXL,sph_china,ptbxl_germany,canonical_six_label,AF|RBBB|LBBB|1dAVB|SB|ST,resnet1d,macro_accuracy|macro_auroc|macro_auprc|macro_f1_score|macro_prec|macro_rec|macro_sensitivity|macro_spec|macro_aprec|macro_br_score|score_macro_auroc|score_micro_auroc|score_macro_auprc|score_micro_auprc,42,patient_level_random_seed42,official_strat_fold,source:patient_level_random_seed42|target:official_strat_fold,shared_alignment_v1,5000,target_test,1dAVB,0.0436844676733017,0.767515923566879,0.9347435200506569,0.5332849314622355,0.22458270106221548,0.12758620689655173,0.9367088607594937,0.9367088607594937,0.761208117036338,0.3889784677051281,0.038879750674613155,1613,506,5,74,79
source_only_cross_domain,source_only,SPH,PTBXL,sph_china,ptbxl_germany,canonical_six_label,AF|RBBB|LBBB|1dAVB|SB|ST,resnet1d,macro_accuracy|macro_auroc|macro_auprc|macro_f1_score|macro_prec|macro_rec|macro_sensitivity|macro_spec|macro_aprec|macro_br_score|score_macro_auroc|score_micro_auroc|score_macro_auprc|score_micro_auprc,42,patient_level_random_seed42,official_strat_fold,source:patient_level_random_seed42|target:official_strat_fold,shared_alignment_v1,5000,target_test,SB,0.3630950450897217,0.7820746132848043,0.9404360941893158,0.5506404878447723,0.20826446280991737,0.11645101663585952,0.984375,0.984375,0.7760074976569822,0.3368394646535434,0.14093176747979874,1656,478,1,63,64
source_only_cross_domain,source_only,SPH,PTBXL,sph_china,ptbxl_germany,canonical_six_label,AF|RBBB|LBBB|1dAVB|SB|ST,resnet1d,macro_accuracy|macro_auroc|macro_auprc|macro_f1_score|macro_prec|macro_rec|macro_sensitivity|macro_spec|macro_aprec|macro_br_score|score_macro_auroc|score_micro_auroc|score_macro_auprc|score_micro_auprc,42,patient_level_random_seed42,official_strat_fold,source:patient_level_random_seed42|target:official_strat_fold,shared_alignment_v1,5000,target_test,ST,0.08167791366577148,0.9508644222020018,0.9667919221725298,0.5763376601819167,0.5263157894736841,0.410958904109589,0.7317073170731707,0.7317073170731707,0.9593572778827977,0.5662829992413823,0.02558890103722561,2030,86,22,60,82
